"Subject","Topic","Difficulty","Question","Answer","Explanation","SpecReference"
"Mathematics","Number - Types of Numbers","Easy","Which of the following is a prime number? A) 9  B) 15  C) 17  D) 21","C) 17","17 has exactly two factors: 1 and 17. 9=3x3; 15=3x5; 21=3x7.","0580/1.1"
"Mathematics","Number - Standard Form","Easy","Write 47 000 in standard form.","4.7 x 10^4","Move the decimal point 4 places to the left to obtain a number between 1 and 10.","0580/1.7"
"Mathematics","Number - Fractions","Easy","Calculate 3/4 + 1/6.","11/12","LCM of 4 and 6 is 12. 3/4=9/12 and 1/6=2/12. Sum = 11/12.","0580/1.3"
"Mathematics","Number - Percentages","Easy","Find 30% of 350.","105","30% = 0.30. So 0.30 x 350 = 105.","0580/1.4"
"Mathematics","Number - Ratio","Easy","Simplify the ratio 36 : 48.","3 : 4","HCF of 36 and 48 is 12. 36/12=3 and 48/12=4.","0580/1.5"
"Mathematics","Number - Decimals","Easy","Write 7/8 as a decimal.","0.875","Divide 7 by 8: 7 ÷ 8 = 0.875.","0580/1.3"
"Mathematics","Number - Percentages","Medium","A price increases from $240 to $288. Calculate the percentage increase.","20%","Increase = $48. Percentage = (48/240) x 100 = 20%.","0580/1.4"
"Mathematics","Number - Percentages","Medium","After a 25% increase the price is $75. Find the original price.","$60","$75 represents 125% of original. Original = 75 / 1.25 = $60.","0580/1.4"
"Mathematics","Number - Standard Form","Medium","Calculate (3.2 x 10^5) x (2.5 x 10^3). Give your answer in standard form.","8.0 x 10^8","3.2 x 2.5 = 8.0 and 10^5 x 10^3 = 10^8.","0580/1.7"
"Mathematics","Number - Multiples and Factors","Medium","Find the LCM of 15 and 20.","60","15 = 3x5; 20 = 2^2 x 5. LCM = 2^2 x 3 x 5 = 60.","0580/1.1"
"Mathematics","Number - Bounds","Medium","A length is measured as 6.5 cm to 1 d.p. Write down the upper bound.","6.55 cm","Upper bound = 6.5 + 0.05 = 6.55 cm.","0580/1.8"
"Mathematics","Number - Ratio","Medium","Share $630 in the ratio 2 : 3 : 4.","$140 : $210 : $280","Total parts = 9. Each part = $70. Parts: 2x70=$140; 3x70=$210; 4x70=$280.","0580/1.5"
"Mathematics","Number - Standard Form","Medium","Calculate (6.4 x 10^-3) - (2.5 x 10^-4). Give answer in standard form.","6.15 x 10^-3","6.4 x 10^-3 - 0.25 x 10^-3 = 6.15 x 10^-3.","0580/1.7"
"Mathematics","Number - Prime Factors","Medium","Write 180 as a product of prime factors.","2^2 x 3^2 x 5","180 = 2 x 90 = 4 x 45 = 4 x 9 x 5 = 2^2 x 3^2 x 5.","0580/1.1"
"Mathematics","Number - Compound Interest","Hard","A car worth $15 000 depreciates at 12% per year. Find its value after 3 years to the nearest dollar.","$10 222","Value = 15000 x (0.88)^3 = 15000 x 0.681472 = $10 222.","0580/1.4"
"Mathematics","Number - Percentages","Hard","A price is increased by 20% then decreased by 20%. Find the overall percentage change.","4% decrease","1.20 x 0.80 = 0.96. Overall change = -4%.","0580/1.4"
"Mathematics","Number - Bounds","Hard","A rectangle has length 12.5 cm and width 8.3 cm both to 1 d.p. Find the lower bound of the area.","102.7125 cm^2","Lower bound = 12.45 x 8.25 = 102.7125 cm^2.","0580/1.8"
"Mathematics","Number - Proportion","Hard","y is directly proportional to x^2. When x=3, y=54. Find y when x=2.","24","y = kx^2. 54 = 9k so k = 6. When x=2: y = 6 x 4 = 24.","0580/2.8"
"Mathematics","Algebra - Expanding","Easy","Expand and simplify 3(2x - 5).","6x - 15","Multiply each term by 3: 3 x 2x = 6x and 3 x (-5) = -15.","0580/2.1"
"Mathematics","Algebra - Simplifying","Easy","Simplify 4x + 3y - 2x + y.","2x + 4y","Collect like terms: 4x - 2x = 2x and 3y + y = 4y.","0580/2.1"
"Mathematics","Algebra - Linear Equations","Easy","Solve 3x + 7 = 22.","x = 5","Subtract 7: 3x = 15. Divide by 3: x = 5.","0580/2.2"
"Mathematics","Algebra - Factorising","Easy","Factorise 6x + 9.","3(2x + 3)","HCF of 6 and 9 is 3. Factor out 3: 3(2x + 3).","0580/2.1"
"Mathematics","Algebra - Substitution","Easy","Find p = 3q - q^2 when q = 4.","-4","p = 3(4) - 4^2 = 12 - 16 = -4.","0580/2.1"
"Mathematics","Algebra - Linear Equations","Medium","Solve 5x - 3 = 2x + 12.","x = 5","Rearrange: 3x = 15. x = 5.","0580/2.2"
"Mathematics","Algebra - Simultaneous Equations","Medium","Solve: 2x + y = 8 and x - y = 1.","x = 3, y = 2","Add equations: 3x = 9 so x = 3. Then y = 8 - 6 = 2.","0580/2.3"
"Mathematics","Algebra - Quadratic","Medium","Solve x^2 + 5x + 6 = 0 by factorisation.","x = -2 or x = -3","(x + 2)(x + 3) = 0. So x = -2 or x = -3.","0580/2.5"
"Mathematics","Algebra - Expanding","Medium","Expand and simplify (x + 3)(x - 4).","x^2 - x - 12","x(x-4) + 3(x-4) = x^2 - 4x + 3x - 12 = x^2 - x - 12.","0580/2.1"
"Mathematics","Algebra - Inequalities","Medium","Solve the inequality 3x - 5 > 7.","x > 4","Add 5: 3x > 12. Divide by 3: x > 4.","0580/2.7"
"Mathematics","Algebra - Sequences","Medium","Find the nth term of the sequence 3, 7, 11, 15, ...","4n - 1","Common difference = 4; nth term = 4n - 1 (n=1 gives 3; n=2 gives 7).","0580/2.9"
"Mathematics","Algebra - Rearranging","Medium","Make x the subject of y = 3x + 2.","x = (y - 2) / 3","Subtract 2: y - 2 = 3x. Divide by 3: x = (y - 2) / 3.","0580/2.1"
"Mathematics","Algebra - Algebraic Fractions","Medium","Simplify (x^2 - 4) / (x + 2) for x ≠ -2.","x - 2","Factorise: (x+2)(x-2). Cancel (x+2): result is x - 2.","0580/2.1"
"Mathematics","Algebra - Quadratic Formula","Hard","Solve x^2 - 3x - 5 = 0. Give answers to 2 d.p.","x = 4.19 or x = -1.19","x = (3 ± sqrt(29)) / 2. sqrt(29) ≈ 5.385. x ≈ 4.19 or x ≈ -1.19.","0580/2.5"
"Mathematics","Algebra - Simultaneous Non-linear","Hard","Solve y = x^2 and y = 2x + 3 simultaneously.","x=3, y=9 or x=-1, y=1","Substitute: x^2 = 2x + 3. x^2 - 2x - 3 = 0. (x-3)(x+1) = 0.","0580/2.3"
"Mathematics","Algebra - Completing the Square","Hard","Solve x^2 + 6x + 2 = 0 by completing the square.","x = -3 + sqrt(7) or x = -3 - sqrt(7)","(x+3)^2 - 9 + 2 = 0. (x+3)^2 = 7. x = -3 ± sqrt(7).","0580/2.5"
"Mathematics","Algebra - Sequences","Hard","Find the 8th term of the geometric sequence 2, 6, 18, 54, ...","4374","r = 3. nth term = 2 x 3^(n-1). 8th term = 2 x 3^7 = 2 x 2187 = 4374.","0580/2.9"
"Mathematics","Algebra - Inequalities","Hard","Solve x^2 - x - 6 ≤ 0.","−2 ≤ x ≤ 3","(x - 3)(x + 2) ≤ 0. Parabola is ≤ 0 between roots: -2 ≤ x ≤ 3.","0580/2.7"
"Mathematics","Geometry - Angles","Easy","A triangle has angles 65° and 48°. Find the third angle.","67°","Angles in a triangle sum to 180°. Third = 180 - 65 - 48 = 67°.","0580/4.1"
"Mathematics","Geometry - Polygons","Easy","Calculate the interior angle of a regular hexagon.","120°","Sum of interior angles = (6-2) x 180 = 720°. Each = 720 / 6 = 120°.","0580/4.3"
"Mathematics","Geometry - Circles","Easy","Calculate the circumference of a circle with diameter 10 cm. Give answer to 1 d.p.","31.4 cm","Circumference = π x d = π x 10 ≈ 31.4 cm.","0580/4.6"
"Mathematics","Geometry - Polygons","Medium","Each exterior angle of a regular polygon is 24°. How many sides does it have?","15","Number of sides = 360 / 24 = 15.","0580/4.3"
"Mathematics","Geometry - Angles","Medium","Two parallel lines are cut by a transversal. One co-interior angle is 112°. Find the other.","68°","Co-interior angles sum to 180°. 180 - 112 = 68°.","0580/4.1"
"Mathematics","Geometry - Transformations","Medium","Reflect (3, 2) in the y-axis. Give coordinates of the image.","(-3, 2)","Reflecting in y-axis negates the x-coordinate: (3, 2) → (-3, 2).","0580/4.5"
"Mathematics","Geometry - Transformations","Medium","Translate (1, 4) by the vector (3, -2). Give the new coordinates.","(4, 2)","Add vector components: (1+3, 4+(-2)) = (4, 2).","0580/4.5"
"Mathematics","Geometry - Vectors","Medium","If a = (3, 1) and b = (-1, 4) find 2a - b.","(7, -2)","2a = (6, 2). 2a - b = (6-(-1), 2-4) = (7, -2).","0580/6.1"
"Mathematics","Geometry - Circle Theorems","Medium","The angle at the centre is 140°. Find the angle at the circumference subtended by the same arc.","70°","Angle at centre = 2 x angle at circumference. Angle = 140 / 2 = 70°.","0580/4.6"
"Mathematics","Geometry - Circle Theorems","Hard","Tangent TP from P to circle centre O. OT = 5 cm and TP = 12 cm. Find OP.","13 cm","Radius is perpendicular to tangent at T. OP^2 = 5^2 + 12^2 = 169. OP = 13 cm.","0580/4.6"
"Mathematics","Geometry - Transformations","Hard","Find the image of (4, 1) after a 90° anticlockwise rotation about the origin.","(-1, 4)","For 90° anticlockwise: (x, y) → (-y, x). So (4, 1) → (-1, 4).","0580/4.5"
"Mathematics","Geometry - Vectors","Hard","OA = a, OB = b, M is midpoint of AB. Show OM = (a + b) / 2.","OM = (a + b) / 2","AM = (1/2)(b - a). OM = OA + AM = a + (b - a)/2 = (a + b)/2.","0580/6.1"
"Mathematics","Mensuration - Area","Easy","Find the area of a triangle with base 8 cm and height 5 cm.","20 cm^2","Area = (1/2) x base x height = (1/2) x 8 x 5 = 20 cm^2.","0580/5.1"
"Mathematics","Mensuration - Volume","Easy","Find the volume of a cuboid with dimensions 4 cm x 3 cm x 5 cm.","60 cm^3","V = l x w x h = 4 x 3 x 5 = 60 cm^3.","0580/5.2"
"Mathematics","Mensuration - Volume","Medium","Find the volume of a cylinder with radius 3 cm and height 10 cm. Give answer to 1 d.p.","282.7 cm^3","V = π x r^2 x h = π x 9 x 10 = 90π ≈ 282.7 cm^3.","0580/5.2"
"Mathematics","Mensuration - Volume","Medium","Find the volume of a cone with radius 4 cm and height 9 cm. Give answer to 1 d.p.","150.8 cm^3","V = (1/3) x π x r^2 x h = (1/3) x π x 16 x 9 = 48π ≈ 150.8 cm^3.","0580/5.2"
"Mathematics","Mensuration - Arcs and Sectors","Medium","Find the arc length of a sector with radius 6 cm and angle 120°. Give answer to 1 d.p.","12.6 cm","Arc length = (120/360) x 2π x 6 = 4π ≈ 12.6 cm.","0580/5.3"
"Mathematics","Mensuration - Surface Area","Medium","Find the total surface area of a cylinder with radius 5 cm and height 12 cm. Give answer to 1 d.p.","534.1 cm^2","SA = 2πr^2 + 2πrh = 50π + 120π = 170π ≈ 534.1 cm^2.","0580/5.2"
"Mathematics","Mensuration - Surface Area","Hard","Find the surface area of a sphere with radius 7 cm. Give answer to nearest whole number.","616 cm^2","SA = 4πr^2 = 4 x π x 49 = 196π ≈ 615.75 ≈ 616 cm^2.","0580/5.2"
"Mathematics","Mensuration - Composite Shapes","Hard","A rectangle 8 cm x 5 cm has a semicircle of diameter 8 cm added on top. Find total area to 1 d.p.","65.1 cm^2","Rectangle = 40 cm^2. Semicircle = (1/2)π(4)^2 = 8π ≈ 25.1 cm^2. Total ≈ 65.1 cm^2.","0580/5.1"
"Mathematics","Trigonometry - SOHCAHTOA","Easy","In a right triangle opposite = 5 and hypotenuse = 13. Write sin(θ).","5/13","sin(θ) = opposite / hypotenuse = 5/13.","0580/T1"
"Mathematics","Trigonometry - SOHCAHTOA","Easy","Find angle θ where cos(θ) = 0.6. Give answer to 1 d.p.","53.1°","θ = cos^-1(0.6) ≈ 53.1°.","0580/T1"
"Mathematics","Trigonometry - SOHCAHTOA","Medium","In a right triangle adjacent = 8 cm and hypotenuse = 10 cm. Find the angle to 1 d.p.","36.9°","cos(θ) = 8/10 = 0.8. θ = cos^-1(0.8) ≈ 36.9°.","0580/T1"
"Mathematics","Trigonometry - Bearings","Medium","A ship travels 5 km north then 12 km east. Find its bearing from the start.","067°","tan(θ) = 12/5 = 2.4. θ = tan^-1(2.4) ≈ 67.4°. Bearing = 067°.","0580/T2"
"Mathematics","Trigonometry - Sine Rule","Medium","In a triangle a = 8 cm, angle A = 50°, angle B = 70°. Find side b to 2 d.p.","9.81 cm","b/sin B = a/sin A. b = 8 x sin(70°)/sin(50°) ≈ 9.81 cm.","0580/T3"
"Mathematics","Trigonometry - 3D","Medium","A cuboid is 6 cm x 4 cm x 3 cm. Find the space diagonal to 2 d.p.","7.81 cm","Diagonal = sqrt(6^2 + 4^2 + 3^2) = sqrt(61) ≈ 7.81 cm.","0580/T2"
"Mathematics","Trigonometry - Cosine Rule","Hard","In a triangle a = 7 cm, b = 9 cm, angle C = 120°. Find side c to 1 d.p.","13.9 cm","c^2 = 49 + 81 - 2(7)(9)cos(120°) = 130 + 63 = 193. c = sqrt(193) ≈ 13.9 cm.","0580/T3"
"Mathematics","Trigonometry - Area of Triangle","Hard","Find the area of a triangle with b = 10 cm, c = 8 cm and included angle A = 30°.","20 cm^2","Area = (1/2) x b x c x sin A = (1/2) x 10 x 8 x 0.5 = 20 cm^2.","0580/T3"
"Mathematics","Statistics - Averages","Easy","Find the mean of 3, 7, 9, 5, 6.","6","Sum = 30. Mean = 30/5 = 6.","0580/8.1"
"Mathematics","Statistics - Averages","Easy","Find the median of 2, 5, 7, 9, 12.","7","Data in order; middle value (3rd of 5) = 7.","0580/8.1"
"Mathematics","Statistics - Averages","Easy","Find the range of 4, 11, 3, 8, 15, 6.","12","Range = largest - smallest = 15 - 3 = 12.","0580/8.1"
"Mathematics","Statistics - Frequency Tables","Medium","Values 1, 2, 3, 4 have frequencies 3, 5, 4, 2. Find the mean.","2.36","Sum of fx = 3+10+12+8 = 33. Total f = 14. Mean = 33/14 ≈ 2.36.","0580/8.1"
"Mathematics","Statistics - Scatter Graphs","Medium","As temperature increases, ice cream sales increase. What type of correlation is this?","Positive correlation","Both variables increase together: positive correlation. Line of best fit slopes upward.","0580/8.2"
"Mathematics","Statistics - Cumulative Frequency","Medium","In a cumulative frequency graph of 60 values Q1 is at 15th value and Q3 at 45th value. How do you find the IQR?","IQR = Q3 - Q1 (read from x-axis at cumulative frequencies 45 and 15)","The IQR measures spread of the middle 50% of data and is less affected by outliers than the full range.","0580/8.3"
"Mathematics","Statistics - Pie Charts","Medium","A pie chart sector has an angle of 120°. What fraction of the total does it represent?","1/3","Fraction = 120/360 = 1/3.","0580/8.2"
"Mathematics","Statistics - Histograms","Medium","A bar for class 10 ≤ x < 20 has frequency density 3.5. What is the frequency?","35","Frequency = frequency density x class width = 3.5 x 10 = 35.","0580/8.3"
"Mathematics","Statistics - Data Representation","Medium","State one advantage of a stem-and-leaf diagram over a bar chart.","Shows individual data values; median and quartiles can be read directly","A stem-and-leaf diagram preserves raw data; a bar chart only shows grouped frequencies.","0580/8.2"
"Mathematics","Statistics - Cumulative Frequency","Hard","40 students sit a test. Q1 = 35 and Q3 = 58. Find the IQR and explain its meaning.","IQR = 23; it measures the spread of the middle 50% of scores","IQR = 58 - 35 = 23. The middle half of students scored within a 23-mark range.","0580/8.3"
"Mathematics","Statistics - Box Plots","Hard","Box plot: min=10, Q1=22, median=35, Q3=48, max=62. Find IQR and % above Q3.","IQR = 26; 25% of data above Q3","IQR = 48 - 22 = 26. Q3 is 75th percentile so 25% of data is above it.","0580/8.3"
"Mathematics","Statistics - Averages","Hard","A data set has mean 12 with 10 values. An 11th value of 23 is added. Find the new mean.","13","Original sum = 120. New sum = 143. New mean = 143/11 = 13.","0580/8.1"
"Mathematics","Probability - Basic","Easy","A bag has 3 red and 5 blue balls. A ball is chosen at random. Find P(red).","3/8","P(red) = 3/(3+5) = 3/8.","0580/8.4"
"Mathematics","Probability - Complementary Events","Easy","P(winning) = 0.35. Find P(not winning).","0.65","P(not winning) = 1 - 0.35 = 0.65.","0580/8.4"
"Mathematics","Probability - Independent Events","Medium","P(A) = 0.4 and P(B) = 0.3. A and B are independent. Find P(A and B).","0.12","P(A and B) = P(A) x P(B) = 0.4 x 0.3 = 0.12.","0580/8.4"
"Mathematics","Probability - Mutually Exclusive","Medium","P(A) = 0.3 and P(B) = 0.45. A and B are mutually exclusive. Find P(A or B).","0.75","P(A or B) = P(A) + P(B) = 0.3 + 0.45 = 0.75.","0580/8.4"
"Mathematics","Probability - Without Replacement","Medium","Bag: 4 red and 6 blue balls. Two drawn without replacement. Find P(both red).","2/15","P(1st red) = 4/10. P(2nd red | 1st red) = 3/9. P(both) = 12/90 = 2/15.","0580/8.4"
"Mathematics","Probability - Tree Diagrams","Medium","A biased coin has P(heads) = 0.6. Flipped twice. Find P(same result both times).","0.52","P(HH) = 0.36; P(TT) = 0.16. P(same) = 0.52.","0580/8.4"
"Mathematics","Probability - Conditional","Hard","15 students play sport; 12 play music; 5 play both; 30 total. Find P(music | sport).","1/3","P(music | sport) = P(music and sport)/P(sport) = (5/30)/(15/30) = 5/15 = 1/3.","0580/8.4"
"Mathematics","Probability - Expected Value","Hard","A game costs $2. Roll a die: rolling 6 wins $9; otherwise you lose. Find expected profit per game.","−$0.50","E = (1/6)(7) + (5/6)(−2) = 7/6 − 10/6 = −3/6 = −$0.50.","0580/8.4"
"Biology","Cells - Structure","Easy","Name the organelle where photosynthesis occurs.","Chloroplast","Chloroplasts contain chlorophyll which absorbs light energy. Found only in plant cells.","0610/1.1"
"Biology","Cells - Structure","Easy","State the function of the cell membrane.","Controls what enters and leaves the cell (selective permeability)","The partially permeable cell membrane regulates the passage of substances into and out of the cell.","0610/1.1"
"Biology","Cells - Structure","Easy","Which organelle is the main site of aerobic respiration?","Mitochondria","Mitochondria produce ATP via aerobic respiration. Their folded inner membrane (cristae) increases surface area.","0610/1.1"
"Biology","Cells - Mitosis","Easy","What type of cells are produced by mitosis?","Two genetically identical diploid daughter cells","Mitosis produces two daughter cells with the same chromosome number as the parent cell for growth and repair.","0610/2.2"
"Biology","Cells - Structure","Medium","State three differences between a plant cell and an animal cell.","Plant cells have: cell wall; chloroplasts; large permanent vacuole. Animal cells lack all three.","A cellulose cell wall gives support; chloroplasts enable photosynthesis; the vacuole maintains turgor pressure.","0610/1.1"
"Biology","Cells - Transport","Medium","Define osmosis.","Movement of water molecules from a region of higher water potential to lower water potential through a partially permeable membrane","Osmosis is a special type of diffusion involving only water molecules across a selectively permeable membrane.","0610/1.3"
"Biology","Cells - Transport","Medium","Explain what happens to a plant cell placed in a concentrated salt solution.","Water leaves by osmosis; cell becomes flaccid and may plasmolyse as cell membrane pulls away from cell wall","The concentrated solution has lower water potential than the cell contents so water moves out by osmosis.","0610/1.3"
"Biology","Cells - Stem Cells","Medium","What are stem cells and why are they medically important?","Undifferentiated cells that can divide and develop into specialised cell types; used to treat conditions such as leukaemia and potentially replace damaged tissues","Embryonic stem cells are pluripotent; adult stem cells are multipotent. They offer potential cures for degenerative diseases.","0610/2.3"
"Biology","Cells - Transport","Medium","Compare diffusion and active transport.","Diffusion: passive; down concentration gradient; no ATP needed. Active transport: against concentration gradient; requires ATP and carrier proteins.","Diffusion is driven by random movement of particles. Active transport uses metabolic energy to move substances against their concentration gradient.","0610/1.3"
"Biology","Cells - Division","Hard","Compare mitosis and meiosis.","Mitosis: 2 identical diploid daughter cells; for growth and repair. Meiosis: 4 haploid genetically varied cells; for sexual reproduction.","Meiosis involves two divisions and introduces variation via crossing over and independent assortment. Mitosis produces genetically identical cells.","0610/2.2"
"Biology","Cells - Transport","Hard","Explain why a high surface area to volume ratio is important for cell function.","A larger SA:V ratio allows more efficient diffusion of substances relative to the cell volume; cells must remain small to maintain efficient exchange","As cells grow volume increases faster than surface area. Small cells have relatively more surface for exchange of oxygen, nutrients, and waste.","0610/1.2"
"Biology","Cells - Transport","Hard","Describe what happens to red blood cells placed in distilled water and explain why.","Red blood cells swell and may burst (lyse) because water enters by osmosis down the water potential gradient","Distilled water has higher water potential than the cell contents. Water moves in by osmosis; without a cell wall there is nothing to resist the pressure increase.","0610/1.3"
"Biology","Biological Molecules - Proteins","Easy","What are the monomers of proteins?","Amino acids","Proteins are polymers built from chains of amino acids linked by peptide bonds. There are 20 different amino acids.","0610/3.1"
"Biology","Biological Molecules - Testing","Easy","Describe the test for starch and state the positive result.","Add iodine solution; positive result: colour changes from brown/yellow to blue-black","Iodine molecules fit into the helical structure of starch molecules causing the characteristic colour change.","0610/3.1"
"Biology","Biological Molecules - DNA","Easy","What four nitrogenous bases are found in DNA?","Adenine (A), Thymine (T), Cytosine (C), Guanine (G)","Bases pair specifically: A with T and C with G. Complementary base pairing is essential for DNA replication and transcription.","0610/3.3"
"Biology","Biological Molecules - Enzymes","Medium","Explain enzyme specificity using the lock and key model.","The active site has a specific shape complementary to its substrate; only the correct substrate fits and forms an enzyme-substrate complex","Each enzyme is a protein with a unique 3D active site shape. The substrate fits like a key into a lock; this specificity determines which reactions an enzyme can catalyse.","0610/3.2"
"Biology","Biological Molecules - Enzymes","Medium","Describe how increasing temperature affects enzyme activity up to and beyond the optimum.","Rate increases up to the optimum (~37°C in humans); above optimum the enzyme denatures and rate falls sharply","High temperatures break hydrogen bonds in the enzyme protein; the active site shape changes so the substrate can no longer bind. Denaturation is irreversible.","0610/3.2"
"Biology","Biological Molecules - DNA","Medium","Describe the structure of a DNA molecule.","Double helix; two strands of nucleotides held together by complementary base pairs (A-T and C-G); sugar-phosphate backbone on the outside","Each nucleotide contains a deoxyribose sugar, a phosphate group, and a nitrogenous base. The two strands run antiparallel.","0610/3.3"
"Biology","Biological Molecules - Testing","Medium","Describe the Benedict's test for reducing sugars.","Add Benedict's reagent and heat in water bath; positive result: blue solution turns green, yellow, or brick-red precipitate","The intensity of colour change indicates the concentration of reducing sugar. Glucose is a reducing sugar; sucrose is not.","0610/3.1"
"Biology","Biological Molecules - Enzymes","Hard","Explain how changing pH affects enzyme activity.","pH alters ionic and hydrogen bonds that maintain enzyme shape; the active site changes conformation; substrate can no longer bind; each enzyme has an optimum pH","Extreme pH values denature the enzyme. Pepsin (stomach) has optimum pH 2; salivary amylase has optimum pH 7.","0610/3.2"
"Biology","Biological Molecules - ATP","Hard","Explain the role of ATP in living organisms.","ATP is the universal energy currency; produced during respiration; releases energy when hydrolysed to ADP + Pi; this energy drives metabolic processes such as active transport and protein synthesis","ATP can be rapidly recycled from ADP + Pi using energy released by respiration. It couples energy-releasing to energy-requiring reactions.","0610/3.1"
"Biology","Biological Molecules - Proteins","Hard","Explain why proteins can be so structurally diverse.","Different sequences of the 20 amino acids produce different polypeptide chains that fold into unique 3D shapes determined by the sequence","Primary structure (amino acid sequence) determines secondary and tertiary structure. Different shapes give proteins diverse functions as enzymes, antibodies, hormones, and structural components.","0610/3.1"
"Biology","Human Nutrition - Digestion","Easy","Name the enzyme that digests proteins in the stomach.","Pepsin","Pepsin is a protease secreted by the stomach lining. It functions optimally in the acidic conditions of the stomach (pH ~2).","0610/5.1"
"Biology","Human Nutrition - Digestion","Easy","Where is bile produced and where is it stored?","Produced in the liver; stored in the gall bladder","Bile is released into the duodenum via the bile duct to aid fat digestion.","0610/5.1"
"Biology","Human Nutrition - Absorption","Easy","State the function of villi in the small intestine.","Increase surface area for absorption of digested nutrients into the blood and lymph","The many finger-like villi dramatically increase the surface area of the intestinal wall for efficient absorption.","0610/5.2"
"Biology","Human Nutrition - Digestion","Medium","Describe the digestion of starch from mouth to small intestine.","Salivary amylase (mouth) breaks starch to maltose; pancreatic amylase (duodenum) continues; maltase (ileum epithelium) breaks maltose to glucose for absorption","Complete hydrolysis of starch requires both luminal enzymes and brush border enzymes. Glucose is then absorbed by active transport and facilitated diffusion.","0610/5.1"
"Biology","Human Nutrition - Diet","Medium","State the effects of a diet lacking in vitamin C.","Scurvy: bleeding gums; poor wound healing; swollen and painful joints; fatigue; damaged connective tissue","Vitamin C is needed for collagen synthesis. Without it collagen fibres are defective weakening blood vessels and connective tissues.","0610/4.1"
"Biology","Human Nutrition - Digestion","Medium","Explain the role of bile in fat digestion.","Bile emulsifies fats: it breaks large fat droplets into smaller ones increasing surface area for lipase to act on","Bile does not chemically digest fat; it is an emulsifier. Smaller droplets provide far more surface area for lipase to catalyse triglyceride hydrolysis.","0610/5.1"
"Biology","Human Nutrition - Absorption","Medium","Describe how amino acids are absorbed from the small intestine into the blood.","Active transport across the epithelial cells of villi into blood capillaries","Active transport requires ATP and carrier proteins to move amino acids against a concentration gradient from the gut lumen into the blood.","0610/5.2"
"Biology","Human Nutrition - Absorption","Hard","Describe five adaptations of villi for efficient absorption.","Finger-like projections (large SA); epithelium one cell thick (short diffusion path); dense capillary network; lacteals for fat absorption; microvilli (brush border) for even greater SA","These adaptations maximise absorption rate across the intestinal wall. Each villus contains a capillary network and a central lacteal lymph vessel.","0610/5.2"
"Biology","Human Nutrition - Diet","Hard","Distinguish between kwashiorkor and marasmus.","Kwashiorkor: protein deficiency despite adequate calories; oedema and swollen abdomen. Marasmus: severe calorie and protein deficiency; extreme wasting and skeletal appearance.","Both are malnutrition. Kwashiorkor often affects recently weaned children. Lack of plasma proteins in kwashiorkor causes fluid retention (oedema).","0610/4.1"
"Biology","Human Nutrition - Metabolism","Hard","Explain how the body deals with excess glucose after a meal.","Insulin secreted by pancreatic beta cells promotes glucose uptake by cells and conversion to glycogen (liver and muscle); persistent excess is converted to fat for long-term storage","Negative feedback: if blood glucose remains high sustained insulin secretion promotes glycogen synthesis and lipogenesis.","0610/5.3"
"Biology","Plant Nutrition - Photosynthesis","Easy","Write the word equation for photosynthesis.","Carbon dioxide + water → glucose + oxygen (requires light energy and chlorophyll)","Photosynthesis converts light energy into chemical energy stored in glucose. Carbon dioxide is a reactant not a product.","0610/6.1"
"Biology","Plant Nutrition - Photosynthesis","Easy","State the role of chlorophyll in photosynthesis.","Chlorophyll absorbs light energy (mainly red and blue wavelengths) and converts it to chemical energy for photosynthesis","Chlorophyll reflects green wavelengths (why plants look green). It captures photon energy to drive the light-dependent reactions.","0610/6.1"
"Biology","Plant Nutrition - Limiting Factors","Medium","Name three factors that can limit the rate of photosynthesis.","Light intensity; carbon dioxide concentration; temperature","When any factor is in short supply it becomes the limiting factor. Increasing the limiting factor increases the photosynthesis rate.","0610/6.2"
"Biology","Plant Nutrition - Leaf Structure","Medium","Describe three ways a leaf is adapted for photosynthesis.","Palisade mesophyll densely packed with chloroplasts; stomata for CO2 entry and O2 exit; thin flat shape for short diffusion distance and large light-absorbing area","The leaf maximises light absorption and gas exchange. Air spaces in spongy mesophyll allow gas diffusion to all cells.","0610/6.3"
"Biology","Plant Nutrition - Limiting Factors","Medium","Explain why the rate of photosynthesis levels off despite increasing light intensity.","Another factor such as CO2 concentration or temperature becomes the limiting factor; no further increase is possible until that factor increases","This demonstrates the law of limiting factors: the rate is controlled by whichever essential factor is in shortest supply.","0610/6.2"
"Biology","Plant Nutrition - Minerals","Medium","State the roles of nitrate ions and magnesium ions in plant nutrition.","Nitrates: needed to synthesise amino acids and proteins. Magnesium: component of chlorophyll molecules.","Nitrate deficiency causes stunted growth and yellowing. Magnesium deficiency causes chlorosis (loss of green colour) as chlorophyll cannot be made.","0610/6.4"
"Biology","Plant Nutrition - Photosynthesis","Hard","Describe how to investigate the effect of light intensity on photosynthesis rate using an aquatic plant.","Use Elodea or Cabomba; vary distance from light source; count oxygen bubbles per minute; control temperature with water bath; control CO2 with sodium bicarbonate solution","Rate is measured by oxygen production. Light intensity is proportional to 1/distance^2. All other variables must be controlled for a fair test.","0610/6.2"
"Biology","Plant Nutrition - Minerals","Hard","Explain the effects of nitrate deficiency on plant growth.","Stunted growth; yellowing (chlorosis) of older leaves; reduced yield; because nitrates are needed for amino acid and protein synthesis and for chlorophyll production","Without nitrate ions plants cannot make amino acids so protein synthesis is severely limited halting cell division and growth.","0610/6.4"
"Biology","Transport - Blood","Easy","State the function of haemoglobin in red blood cells.","Carries oxygen by combining with it in the lungs to form oxyhaemoglobin; releases oxygen in body tissues","Each haemoglobin molecule contains four iron-containing haem groups and can carry four oxygen molecules.","0610/8.1"
"Biology","Transport - Heart","Easy","Name the blood vessel that carries oxygenated blood from the left ventricle to the body.","Aorta","The aorta is the largest artery. It carries oxygenated blood at high pressure from the left ventricle to the systemic circulation.","0610/8.2"
"Biology","Transport - Blood","Easy","State the function of platelets in the blood.","Involved in blood clotting: clump at wounds and release chemicals initiating a cascade that seals the wound","Platelets are cell fragments produced in bone marrow. Clotting prevents blood loss and entry of pathogens.","0610/8.1"
"Biology","Transport - Plants","Easy","State the function of phloem tissue in plants.","Transports dissolved sugars (mainly sucrose) from leaves to other parts of the plant (translocation)","Phloem moves organic solutes from source (leaves where sugars are made) to sink (roots, fruits where sugars are used or stored).","0610/9.1"
"Biology","Transport - Blood Vessels","Medium","Compare the structure of arteries and veins.","Arteries: thick muscular/elastic wall; small lumen; no valves; high pressure; carry blood away from heart. Veins: thin wall; large lumen; valves; low pressure; carry blood to heart.","Arteries withstand high pressure from the pumping heart. Veins have valves to prevent backflow of blood against gravity.","0610/8.2"
"Biology","Transport - Heart","Medium","Describe the double circulation in mammals.","Pulmonary circuit: deoxygenated blood from right ventricle to lungs. Systemic circuit: oxygenated blood from left ventricle to body. Blood passes through the heart twice per full circuit.","Double circulation maintains high blood pressure to the body and keeps oxygenated and deoxygenated blood separate for efficient gas delivery.","0610/8.2"
"Biology","Transport - Heart","Medium","Explain the role of heart valves in the cardiac cycle.","Valves (atrioventricular and semilunar) prevent backflow of blood; they open when pressure is higher on one side and close when pressure reverses","Left AV valve (mitral) and right AV valve (tricuspid) are held by chordae tendinae. Semilunar valves are in the aorta and pulmonary artery.","0610/8.2"
"Biology","Transport - Plants","Medium","State five factors that affect the rate of transpiration.","Light intensity; temperature; humidity; wind speed; surface area of leaves","Higher light intensity, temperature, and wind speed increase transpiration. Higher humidity reduces the concentration gradient for water vapour reducing rate.","0610/9.2"
"Biology","Transport - Plants","Medium","Describe the pathway of water from soil to leaf in the transpiration stream.","Soil water → root hair cells (osmosis) → cortex cells (osmosis) → xylem vessels → up stem → leaf mesophyll cells → evaporates → diffuses out through stomata","Water moves by osmosis down a water potential gradient from soil to root then rises in xylem driven by the cohesion-tension mechanism.","0610/9.2"
"Biology","Transport - Heart","Hard","Describe the cardiac cycle.","Diastole: heart relaxes; chambers fill. Atrial systole: atria contract; blood pushed into ventricles. Ventricular systole: ventricles contract; blood pumped to lungs and body. Valves open and close throughout to prevent backflow.","The cycle repeats ~70 times/min at rest. The heart is myogenic: the sinoatrial node generates its own electrical impulses without nervous input.","0610/8.2"
"Biology","Transport - Plants","Hard","Compare the structure and function of xylem and phloem.","Xylem: dead cells; no cytoplasm; lignified walls; unidirectional upward flow; transports water and minerals. Phloem: living sieve tube cells; sieve plates; bidirectional flow; transports sugars and amino acids.","Xylem is also a structural tissue. Phloem uses active loading to move solutes between source and sink tissues.","0610/9.1"
"Biology","Transport - Plants","Hard","Explain the cohesion-tension mechanism of water movement in xylem.","Transpiration from leaves creates tension; cohesion between water molecules transmits tension down the continuous water column in xylem; water is pulled up from roots; root pressure also contributes at night","This mechanism allows water to reach over 100 m in tall trees without an active pump. It depends on the strong hydrogen bonds between water molecules.","0610/9.2"
"Biology","Respiration - Aerobic","Easy","Write the word equation for aerobic respiration.","Glucose + oxygen → carbon dioxide + water (+ energy released as ATP)","Aerobic respiration fully oxidises glucose in the presence of oxygen. Most ATP is produced at the inner mitochondrial membrane.","0610/12.1"
"Biology","Respiration - Anaerobic","Easy","What are the products of anaerobic respiration in mammalian muscle cells?","Lactic acid and a small amount of ATP","Anaerobic respiration provides a rapid but inefficient ATP supply during intense exercise when oxygen delivery is insufficient.","0610/12.2"
"Biology","Respiration - Gas Exchange","Easy","Name the structures in the lungs where gas exchange occurs.","Alveoli","Alveoli are tiny air sacs with very thin walls and a rich capillary blood supply for efficient gas exchange.","0610/12.3"
"Biology","Respiration - Aerobic vs Anaerobic","Medium","Compare aerobic and anaerobic respiration in terms of products and ATP yield.","Aerobic: glucose + O2 → CO2 + water; ~36-38 ATP. Anaerobic: glucose → lactic acid; only 2 ATP. Aerobic is far more efficient.","Anaerobic respiration is a temporary measure. The lactic acid produced must be dealt with after exercise (oxygen debt).","0610/12.2"
"Biology","Respiration - Anaerobic","Medium","Explain what is meant by oxygen debt.","After anaerobic respiration lactic acid accumulates; extra oxygen is needed after exercise to oxidise lactic acid to CO2 and water; this extra oxygen requirement is the oxygen debt","Oxygen debt explains why breathing rate stays elevated for some time after vigorous exercise stops.","0610/12.2"
"Biology","Respiration - Gas Exchange","Medium","Describe how alveoli are adapted for efficient gas exchange.","Very large combined surface area (~70 m^2); walls one cell thick (short diffusion path); rich capillary network (maintains steep concentration gradient); moist lining (gases dissolve)","These adaptations maximise the rate of diffusion of O2 into blood and CO2 out of blood by Fick's law.","0610/12.3"
"Biology","Respiration - Control","Medium","Explain how the body adjusts to exercise by changing breathing rate and depth.","More CO2 produced during exercise; CO2 dissolves in blood lowering pH; medulla oblongata detects this and sends signals to increase breathing rate and depth to remove CO2 and supply more O2","The medulla oblongata is the respiratory centre. It responds to blood CO2 (not O2) concentration in normal conditions.","0610/12.3"
"Biology","Respiration - Mitochondria","Hard","Describe the structure of a mitochondrion and relate each feature to its function.","Outer membrane: separates organelle from cytoplasm. Inner membrane folded into cristae: large SA for oxidative phosphorylation. Matrix: contains enzymes for Krebs cycle. Own DNA and ribosomes for self-replication.","Mitochondria are thought to have evolved from engulfed prokaryotes (endosymbiotic theory). More active cells contain more mitochondria.","0610/12.1"
"Biology","Respiration - Aerobic","Hard","Outline the three stages of aerobic respiration and where each occurs.","Glycolysis (cytoplasm): glucose → pyruvate; 2 ATP net. Link/Krebs cycle (mitochondrial matrix): pyruvate → CO2 + reduced coenzymes. Oxidative phosphorylation (inner membrane): reduced coenzymes + O2 → water + majority of ATP.","This three-stage process yields approximately 36-38 ATP per glucose. Glycolysis is anaerobic; the last two stages require oxygen.","0610/12.1"
"Biology","Respiration - Gas Exchange","Hard","Explain how gas exchange in a leaf differs from gas exchange in the lung.","Leaf: diffusion through stomata and air spaces; no pumping mechanism; stomata can close to reduce water loss. Lung: ventilation actively pumps air; alveoli specialised for rapid diffusion; breathing rate varies with demand.","In plants gas exchange is linked to photosynthesis: CO2 is consumed and O2 released during the day. At night the reverse occurs during respiration only.","0610/12.3"
"Biology","Coordination - Nervous System","Easy","Name the two main coordinating systems in the human body.","Nervous system and endocrine (hormonal) system","The nervous system uses electrical impulses for fast short-lived responses. The endocrine system uses hormones for slower but longer-lasting responses.","0610/14.1"
"Biology","Coordination - Reflexes","Easy","List the five components of a reflex arc in order.","Receptor → sensory neurone → relay neurone (spinal cord) → motor neurone → effector (muscle or gland)","Reflex arcs allow rapid automatic responses without conscious brain involvement helping protect the body from harm.","0610/14.2"
"Biology","Coordination - Hormones","Easy","Name the hormone that lowers blood glucose and state where it is produced.","Insulin; produced by beta cells in the islets of Langerhans in the pancreas","Insulin promotes glucose uptake by cells and its conversion to glycogen in the liver lowering blood glucose concentration.","0610/15.1"
"Biology","Coordination - Nervous vs Hormonal","Medium","Compare nervous and hormonal coordination.","Nervous: fast; electrical impulses along neurones; short-lived; specific target. Hormonal: slower; chemicals travel in blood; longer-lasting; wider target area.","Both systems coordinate body functions. For example blood glucose regulation involves both: nervous detection and hormonal response.","0610/14.1"
"Biology","Coordination - Homeostasis","Medium","Describe how the body responds when body temperature rises above normal.","Hypothalamus detects rise in blood temperature; vasodilation of skin arterioles increases heat radiation; increased sweating removes heat by evaporation; body temperature returns to normal set point (negative feedback)","The hypothalamus acts as both receptor and control centre. These responses increase heat loss until normal temperature is restored.","0610/15.2"
"Biology","Coordination - Hormones","Medium","Describe the role of ADH in regulating water balance.","ADH released from pituitary gland when blood solute concentration is too high; acts on collecting duct of kidney nephron; increases water reabsorption; less water lost in urine; blood concentration returns to normal","If dehydrated: more ADH → concentrated urine. Well-hydrated: less ADH → dilute urine. This is negative feedback control.","0610/15.3"
"Biology","Coordination - Nervous System","Medium","Describe how a nerve impulse crosses a synapse.","Action potential reaches presynaptic membrane; vesicles release neurotransmitter into synaptic cleft; neurotransmitter diffuses across and binds to receptors on postsynaptic membrane; new action potential triggered; neurotransmitter broken down and recycled","Synaptic transmission ensures one-way transmission. Common neurotransmitters include acetylcholine (ACh) and noradrenaline.","0610/14.2"
"Biology","Coordination - Homeostasis","Hard","Explain negative feedback using blood glucose regulation as an example.","Blood glucose rises after eating → pancreas detects this → beta cells secrete insulin → glucose taken up by cells; glycogen synthesised → blood glucose falls back to normal set point. Blood glucose falls → alpha cells secrete glucagon → glycogen converted to glucose → blood glucose rises.","Negative feedback means the response opposes the original change to maintain a constant internal environment (homeostasis).","0610/15.1"
"Biology","Coordination - Nervous System","Hard","Explain how the structure of a motor neurone is adapted to its function.","Long axon: transmits impulses over long distances. Myelin sheath (Schwann cells): insulates axon and speeds impulse conduction (saltatory conduction). Motor end plate: connects to muscle for neuromuscular transmission.","Myelin sheath speeds conduction from ~0.5 m/s to >100 m/s. Multiple sclerosis damages myelin slowing nerve impulses.","0610/14.2"
"Biology","Coordination - Hormones","Hard","Compare the effects of adrenaline with those of the sympathetic nervous system in a fight-or-flight response.","Both: increase heart rate; dilate pupils; redirect blood to muscles; raise blood glucose. Nervous: immediate via electrical impulses. Adrenaline: slightly slower but longer-lasting effect via bloodstream.","Adrenaline is released from the adrenal medulla reinforcing and prolonging the sympathetic nervous response to danger.","0610/15.1"
"Biology","Inheritance - Terminology","Easy","Define the term allele.","An alternative form (version) of a gene at the same locus on a chromosome","Different alleles produce different phenotypes. For example the gene for eye colour has alleles for brown and blue.","0610/17.1"
"Biology","Inheritance - Terminology","Easy","Distinguish between genotype and phenotype.","Genotype: the alleles carried by an organism. Phenotype: the observable characteristics (result of genotype and environment).","Phenotype can be influenced by environment. A plant may carry genes for tallness but grow short if nutrient-deprived.","0610/17.1"
"Biology","Inheritance - Monohybrid","Easy","A plant is homozygous dominant for flower colour. If the allele for red is R write its genotype.","RR","Homozygous = both alleles the same. Dominant = uppercase letter. Genotype = RR.","0610/17.2"
"Biology","Inheritance - Monohybrid","Medium","Show using a Punnett square the expected offspring ratios from crossing Tt × Tt.","Genotype: 1TT : 2Tt : 1tt. Phenotype: 3 dominant : 1 recessive.","Gametes from each parent: T and t. Punnett square gives TT, Tt, Tt, tt. Three show the dominant phenotype for every one recessive.","0610/17.2"
"Biology","Inheritance - Codominance","Medium","Explain codominance using the ABO blood group system as an example.","Both alleles are expressed equally in the phenotype. I^A and I^B are codominant: genotype I^A I^B gives blood group AB expressing both A and B antigens.","Unlike simple dominance neither allele is masked. The ABO system has three alleles: I^A, I^B (codominant) and I^O (recessive to both).","0610/17.3"
"Biology","Inheritance - Sex Determination","Medium","Explain how sex is determined in humans.","Females are XX; males are XY. The father's sperm carries either X or Y. At fertilisation there is a 50% chance of XX (female) or XY (male).","Sex determination occurs at fertilisation. The SRY gene on the Y chromosome triggers male development.","0610/17.4"
"Biology","Inheritance - Mutation","Medium","Explain how a gene mutation can cause disease using sickle cell anaemia as an example.","A single base change in the haemoglobin gene changes one amino acid (glutamic acid → valine); altered haemoglobin causes red blood cells to distort into a sickle shape blocking capillaries and reducing oxygen transport.","Sickle cell anaemia is caused by a point mutation. It is autosomal recessive; carriers (Hb^A Hb^S) are partly protected against malaria.","0610/17.5"
"Biology","Inheritance - Dihybrid","Hard","Two parents both AaBb are crossed. State the expected phenotype ratio of offspring.","9 A_B_ : 3 A_bb : 3 aaB_ : 1 aabb (9:3:3:1)","Each parent produces four gamete types (AB, Ab, aB, ab). A 4x4 Punnett square gives 16 combinations. 9/16 show both dominant; 3/16 each single dominant; 1/16 both recessive.","0610/17.6"
"Biology","Inheritance - Pedigree","Hard","In a pedigree an affected child has two unaffected parents. What can you conclude about the inheritance pattern?","The condition is autosomal recessive; both parents are carriers (heterozygous); each child has a 25% chance of being affected.","Autosomal recessive conditions appear to skip generations and are equally likely in males and females. Carriers show no symptoms.","0610/17.2"
"Biology","Inheritance - Evolution","Hard","Explain how natural selection can lead to a change in allele frequency in a population.","Variation exists due to mutation; individuals with advantageous alleles survive and reproduce more (differential reproductive success); they pass advantageous alleles to offspring; allele frequency gradually changes over generations.","Darwin's natural selection operates on phenotypic variation. Antibiotic resistance in bacteria is a modern example of rapid allele frequency change.","0610/18.1"
"Biology","Ecology - Food Chains","Easy","Define the term producer in ecology.","An organism that makes its own food by photosynthesis (autotroph); forms the first trophic level in food chains","Plants and algae are producers. They convert light energy into chemical energy stored in organic molecules.","0610/19.1"
"Biology","Ecology - Food Chains","Easy","What is the name for organisms that break down dead organic matter?","Decomposers (bacteria and fungi)","Decomposers secrete enzymes to digest dead organic matter externally then absorb the products. They return mineral ions to the soil.","0610/19.3"
"Biology","Ecology - Energy Flow","Medium","Explain why only about 10% of energy is transferred between trophic levels.","Energy is lost as heat during respiration; lost in excretion and faeces; inedible parts are not consumed; energy used for movement and maintenance within the trophic level","This inefficiency limits food chain length to 3-5 links and explains why eating lower in the food chain is more energy efficient.","0610/19.2"
"Biology","Ecology - Carbon Cycle","Medium","Describe the main processes in the carbon cycle.","Photosynthesis removes CO2; aerobic respiration releases CO2; combustion of fossil fuels releases CO2; decomposition releases CO2; carbon stored in organisms, soil, oceans, and fossil fuels.","The carbon cycle maintains atmospheric CO2 levels. Burning fossil fuels is adding carbon that was stored for millions of years.","0610/19.3"
"Biology","Ecology - Human Impact","Medium","Describe the greenhouse effect and explain its link to global warming.","Greenhouse gases (CO2, methane, water vapour) absorb infrared radiation re-emitted by Earth and re-radiate it back trapping heat; enhanced greenhouse effect raises average global temperature causing climate change.","The natural greenhouse effect is essential for life on Earth. Human activity (burning fossil fuels and deforestation) is enhancing it causing anthropogenic climate change.","0610/20.1"
"Biology","Ecology - Human Impact","Medium","Explain the process of eutrophication and its effects on aquatic ecosystems.","Excess fertilisers (nitrates/phosphates) run into water → algal bloom → algae block sunlight → submerged plants die → aerobic decomposer bacteria multiply → oxygen depleted → fish and aquatic organisms die (deoxygenation).","Eutrophication is a major consequence of agricultural run-off. The key step is bacterial decomposition of dead plants consuming dissolved oxygen.","0610/20.1"
"Biology","Ecology - Bioaccumulation","Hard","Explain how persistent pesticides accumulate to harmful concentrations in top predators (biomagnification).","Pesticide not metabolised so accumulates in fatty tissues; organisms at each trophic level consume many from the level below; concentration multiplies at each link; top predators accumulate highest concentrations.","DDT caused eggshell thinning in birds of prey. This illustrates why even low environmental concentrations of persistent chemicals can be dangerous.","0610/20.1"
"Biology","Ecology - Sustainability","Hard","Describe methods used to sustainably manage fish stocks.","Set catch quotas; regulate minimum net mesh size (allow young fish to escape); enforce closed seasons; create marine protected areas; develop fish farming; international monitoring and enforcement.","Sustainable management aims to maintain fish populations above viable breeding levels so future generations can also benefit from the resource.","0610/20.2"
"Physics","Motion - Speed","Easy","A car travels 150 m in 30 s. Calculate its average speed.","5 m/s","Average speed = distance / time = 150 / 30 = 5 m/s.","0625/1.1"
"Physics","Motion - Definitions","Easy","Define velocity.","Speed of an object in a specified direction; it is a vector quantity with both magnitude and direction","Speed is a scalar (magnitude only). Velocity is a vector because direction matters. They can have the same magnitude but velocity specifies direction.","0625/1.1"
"Physics","Motion - Graphs","Easy","On a distance-time graph what does the gradient (slope) represent?","Speed (rate of change of distance)","A steeper gradient means greater speed. A horizontal line means the object is stationary.","0625/1.2"
"Physics","Motion - Acceleration","Medium","A cyclist accelerates from 10 m/s to 25 m/s in 5 s. Calculate the acceleration.","3 m/s^2","a = (v − u) / t = (25 − 10) / 5 = 15 / 5 = 3 m/s^2.","0625/1.3"
"Physics","Motion - Graphs","Medium","A velocity-time graph shows a horizontal line at 15 m/s. Describe the motion.","Constant velocity of 15 m/s; zero acceleration","A horizontal line on a v-t graph means velocity is not changing; acceleration = 0. The object moves at constant speed in a straight line.","0625/1.2"
"Physics","Motion - Equations","Medium","A ball starts from rest and accelerates uniformly at 4 m/s^2 for 6 s. Calculate its final velocity.","24 m/s","v = u + at = 0 + 4 x 6 = 24 m/s.","0625/1.3"
"Physics","Motion - Graphs","Medium","A velocity-time graph shows a triangle with base 8 s and peak velocity 20 m/s. What is the distance travelled?","80 m","Distance = area under v-t graph = (1/2) x base x height = (1/2) x 8 x 20 = 80 m.","0625/1.2"
"Physics","Motion - Equations","Hard","A train starts from rest and accelerates at 3 m/s^2. Calculate the distance it travels in 8 s.","96 m","s = ut + (1/2)at^2 = 0 + (1/2)(3)(64) = 96 m.","0625/1.3"
"Physics","Motion - Deceleration","Hard","A car brakes from 20 m/s to rest in 4 s. Calculate the braking distance.","40 m","Distance = average velocity x time = ((20 + 0)/2) x 4 = 10 x 4 = 40 m. (Or use v^2 = u^2 + 2as: 0 = 400 + 2a x s; a = -5 m/s^2; s = 40 m.)","0625/1.3"
"Physics","Motion - Graphs","Hard","Describe the shape of a velocity-time graph for an object dropped in air until it reaches terminal velocity.","Steep initial rise (large acceleration near g); curve becomes less steep as air resistance increases; approaches horizontal asymptote (zero acceleration) at terminal velocity","As speed increases air resistance increases until it equals weight. At terminal velocity net force = 0 and acceleration = 0.","0625/1.4"
"Physics","Forces - Newton's Laws","Easy","State Newton's First Law of Motion.","An object remains at rest or continues moving in a straight line at constant speed unless acted on by a resultant force","This is the law of inertia. A resultant force is needed to cause a change in an object's state of motion.","0625/2.1"
"Physics","Forces - Weight","Easy","Calculate the weight of an object of mass 12 kg. (g = 10 N/kg)","120 N","Weight = mass x g = 12 x 10 = 120 N.","0625/2.2"
"Physics","Forces - Friction","Easy","Define friction.","A force opposing relative motion between two surfaces in contact","Friction can be useful (braking; walking) or a nuisance (energy wastage in machines). It always acts opposite to the direction of motion.","0625/2.3"
"Physics","Forces - Pressure","Easy","Calculate the pressure when a force of 60 N acts on an area of 0.02 m^2.","3000 Pa","P = F / A = 60 / 0.02 = 3000 Pa.","0625/2.4"
"Physics","Forces - Newton's Laws","Medium","A resultant force of 200 N acts on an object of mass 50 kg. Calculate the acceleration.","4 m/s^2","F = ma so a = F/m = 200/50 = 4 m/s^2. (Newton's Second Law)","0625/2.1"
"Physics","Forces - Moments","Medium","A 5 kg weight is placed 0.4 m from the pivot of a lever. Calculate the moment about the pivot. (g = 10 N/kg)","20 N·m","Moment = force x perpendicular distance = (5 x 10) x 0.4 = 20 N·m.","0625/2.5"
"Physics","Forces - Equilibrium","Medium","State the two conditions for an object to be in equilibrium.","(1) Resultant force = 0 (forces balanced). (2) Resultant moment = 0 (turning effects balanced).","Both conditions must hold. An object can have balanced forces but a net turning effect in which case it rotates.","0625/2.5"
"Physics","Forces - Pressure","Medium","Calculate the pressure at a depth of 5 m in water. (density = 1000 kg/m^3; g = 10 N/kg)","50 000 Pa","P = ρgh = 1000 x 10 x 5 = 50 000 Pa.","0625/2.4"
"Physics","Forces - Newton's Laws","Medium","State Newton's Third Law and give an example.","For every action there is an equal and opposite reaction; forces act on different objects. Example: a rocket expels gas downward (action); gas pushes rocket upward (reaction).","Newton's Third Law force pairs are equal in magnitude, opposite in direction, the same type, and act on different objects.","0625/2.1"
"Physics","Forces - Terminal Velocity","Hard","Explain why a falling object reaches terminal velocity.","As speed increases air resistance (drag) increases; initially weight > air resistance so object accelerates; when air resistance equals weight resultant force = 0; acceleration = 0; object falls at constant terminal velocity.","Terminal velocity depends on the object's weight and shape/area. A parachutist has a much lower terminal velocity with parachute open.","0625/1.4"
"Physics","Forces - Moments","Hard","A uniform beam of weight 120 N and length 4 m is pivoted at its centre. A 40 N force acts 1.5 m to the left. Where must an 80 N force act to the right to achieve balance?","0.75 m from pivot","Anticlockwise moment = 40 x 1.5 = 60 N·m. For balance: 80 x d = 60; d = 0.75 m from pivot.","0625/2.5"
"Physics","Forces - Circular Motion","Hard","Describe the forces acting on a ball swung in a horizontal circle on a string.","The tension in the string provides the centripetal force directed towards the centre; this force constantly changes the direction of velocity causing circular motion; there is no centrifugal force (not a real force).","Centripetal force = mv^2/r. Without the string the ball would travel in a straight line tangentially (Newton's First Law).","0625/2.6"
"Physics","Energy - Kinetic Energy","Easy","Calculate the kinetic energy of a 2 kg ball moving at 10 m/s.","100 J","KE = (1/2)mv^2 = (1/2)(2)(10^2) = (1/2)(2)(100) = 100 J.","0625/3.1"
"Physics","Energy - Conservation","Easy","State the principle of conservation of energy.","Energy cannot be created or destroyed; it can only be transferred from one form to another; the total energy in a closed system remains constant.","All physical processes obey this law. Apparent energy losses are always conversions to thermal energy due to friction or air resistance.","0625/3.2"
"Physics","Energy - Power","Easy","Define power and state its unit.","Power is the rate of doing work (or rate of energy transfer); P = W/t; unit: watt (W)","1 watt = 1 joule per second. A high-power machine transfers energy quickly.","0625/3.3"
"Physics","Energy - Gravitational PE","Medium","Calculate the gravitational PE gained by a 5 kg mass lifted 8 m. (g = 10 N/kg)","400 J","GPE = mgh = 5 x 10 x 8 = 400 J.","0625/3.1"
"Physics","Energy - Efficiency","Medium","A machine has input energy 500 J and useful output energy 350 J. Calculate the efficiency.","70%","Efficiency = (useful output / total input) x 100 = (350/500) x 100 = 70%.","0625/3.4"
"Physics","Energy - Transfers","Medium","Describe the energy changes in a simple pendulum swinging freely.","At highest points: maximum GPE and minimum KE. At lowest point: maximum KE and minimum GPE. Energy continuously converts between GPE and KE (conserved if air resistance ignored).","Without air resistance the pendulum would swing forever. In practice thermal energy is transferred via air resistance and pivot friction.","0625/3.2"
"Physics","Energy - Resources","Medium","Distinguish between renewable and non-renewable energy sources. Give two examples of each.","Renewable (replenish naturally): solar; wind; hydroelectric; tidal; geothermal. Non-renewable (finite supply): coal; oil; natural gas; nuclear fuel.","Renewable sources are often intermittent or less energy-dense. Non-renewables are energy-rich but release CO2 (except nuclear) and will eventually run out.","0625/3.5"
"Physics","Energy - Work Done","Hard","A force of 40 N is applied at 30° to the horizontal to pull a box 10 m along a flat surface. Calculate the work done.","346 J","W = Fd cos θ = 40 x 10 x cos 30° = 400 x 0.866 ≈ 346 J.","0625/3.1"
"Physics","Energy - Power","Hard","A car engine exerts a driving force of 3000 N while the car moves at 25 m/s. Calculate engine power output.","75 000 W (75 kW)","P = Fv = 3000 x 25 = 75 000 W = 75 kW.","0625/3.3"
"Physics","Energy - Efficiency","Hard","A pump lifts 200 kg of water 15 m in 60 s. Electrical input power is 600 W. Calculate efficiency. (g = 10 N/kg)","83.3%","Useful output power = mgh/t = (200 x 10 x 15)/60 = 500 W. Efficiency = 500/600 x 100 = 83.3%.","0625/3.4"
"Physics","Thermal Physics - Kinetic Theory","Easy","Describe Brownian motion and state what it provides evidence for.","Random erratic motion of small particles (e.g. smoke) in a fluid; caused by unequal collisions from fast-moving molecules; provides evidence for the particle nature of matter and kinetic theory.","Einstein explained Brownian motion mathematically in 1905. It was key evidence for the existence of atoms and molecules.","0625/4.1"
"Physics","Thermal Physics - Specific Heat","Easy","Define specific heat capacity.","The energy needed to raise the temperature of 1 kg of a substance by 1°C (or 1 K); unit: J/(kg·K)","Water has a high specific heat capacity (4200 J/kg·K) making it effective as a coolant and explaining why coastal areas have moderate climates.","0625/4.2"
"Physics","Thermal Physics - Heat Transfer","Easy","Describe conduction as a method of heat transfer.","Transfer of thermal energy through a material without bulk movement; vibrating particles pass energy to neighbours; free electrons carry energy efficiently in metals.","Metals are good conductors due to free electrons. Non-metals and gases are poor conductors (thermal insulators).","0625/4.3"
"Physics","Thermal Physics - Specific Heat","Medium","Calculate the energy needed to heat 2 kg of water from 20°C to 45°C. (c = 4200 J/kg·K)","210 000 J","Q = mcΔT = 2 x 4200 x 25 = 210 000 J = 210 kJ.","0625/4.2"
"Physics","Thermal Physics - Convection","Medium","Explain why convection currents form in a heated room.","Hot air near the heater is less dense and rises; cooler denser air sinks to replace it; this sets up a circulating convection current that gradually heats the whole room.","Convection requires bulk movement of a fluid (liquid or gas). It cannot occur in solids as particles cannot move freely.","0625/4.3"
"Physics","Thermal Physics - Latent Heat","Medium","Explain why steam at 100°C causes more severe burns than water at 100°C.","Steam at 100°C contains latent heat of vaporisation; when it condenses on skin it releases this extra energy (~2260 J/g) in addition to the energy released as it cools from 100°C.","Latent heat of vaporisation of water (~2.26 MJ/kg) is much greater than the energy to heat the same mass by 1°C.","0625/4.2"
"Physics","Thermal Physics - Heat Transfer","Medium","Explain how a vacuum flask reduces heat transfer by all three methods.","Vacuum between double walls: prevents conduction and convection. Silvered walls: reflect infrared radiation reducing radiation. Insulating stopper: reduces conduction through the top.","A vacuum flask uses all three strategies simultaneously to minimise heat transfer between the contents and surroundings.","0625/4.3"
"Physics","Thermal Physics - Latent Heat","Hard","500 g of steam at 100°C condenses to water at 100°C. Calculate the energy released. (L = 2.26 x 10^6 J/kg)","1.13 x 10^6 J","Q = mL = 0.5 x 2.26 x 10^6 = 1.13 x 10^6 J = 1.13 MJ.","0625/4.2"
"Physics","Thermal Physics - Evaporation","Hard","Explain why evaporation causes cooling of a liquid.","Molecules with the highest kinetic energy escape from the surface; average KE of remaining molecules decreases; since temperature is proportional to average KE the liquid cools.","This is why sweating cools the body: evaporation of sweat removes thermal energy from the skin.","0625/4.1"
"Physics","Thermal Physics - Gas Laws","Hard","A gas occupies 2 L at pressure 100 kPa. The pressure is increased to 400 kPa at constant temperature. Calculate the new volume.","0.5 L","Boyle's Law: P1V1 = P2V2 at constant temperature. 100 x 2 = 400 x V2. V2 = 200/400 = 0.5 L.","0625/4.4"
"Physics","Waves - Properties","Easy","Define wavelength.","The distance between two successive points that are in phase (e.g. crest to crest or trough to trough); unit: metre (m)","Wavelength is represented by lambda (λ). Short wavelength corresponds to high frequency.","0625/5.1"
"Physics","Waves - EM Spectrum","Easy","State the speed of electromagnetic waves in a vacuum.","3 x 10^8 m/s (approximately 300 000 km/s)","All electromagnetic waves travel at the same speed in a vacuum. This is the speed of light (c).","0625/5.4"
"Physics","Waves - Types","Easy","Describe transverse waves and give two examples.","Particles vibrate perpendicular to the direction of wave travel. Examples: light; water waves; all EM waves.","Transverse waves can be polarised. Longitudinal waves (e.g. sound) vibrate parallel to the direction of travel and cannot be polarised.","0625/5.1"
"Physics","Waves - Wave Equation","Medium","A sound wave has frequency 200 Hz and wavelength 1.5 m. Calculate the wave speed.","300 m/s","v = f x λ = 200 x 1.5 = 300 m/s.","0625/5.1"
"Physics","Waves - Refraction","Medium","Explain what happens to a light ray when it passes from air into glass at an angle.","The ray slows down and bends towards the normal (refraction); wavelength decreases but frequency stays the same; angle of refraction is less than angle of incidence.","The refractive index indicates how much slower light travels in the medium compared to a vacuum.","0625/5.2"
"Physics","Waves - Total Internal Reflection","Medium","Describe total internal reflection and state one application.","Occurs when light travels from a denser to a less dense medium and the angle of incidence exceeds the critical angle; all light is reflected. Application: optical fibres for communications.","Total internal reflection allows optical fibres to transmit light over long distances with minimal energy loss.","0625/5.3"
"Physics","Waves - EM Spectrum","Medium","List the main regions of the electromagnetic spectrum in order of increasing wavelength.","Gamma rays, X-rays, ultraviolet, visible light, infrared, microwaves, radio waves (wavelength increases; frequency decreases)","All EM waves are transverse; travel at 3 x 10^8 m/s in a vacuum; are caused by oscillating electric and magnetic fields.","0625/5.4"
"Physics","Waves - Diffraction","Hard","State the conditions for maximum diffraction and explain the effect.","Diffraction is greatest when the gap or obstacle size is approximately equal to the wavelength; waves spread out most; much smaller or larger gaps give less spreading.","Light diffracts through narrow slits producing interference fringes. Sound diffracts around doorways because its wavelength (~1 m) is similar to door width.","0625/5.2"
"Physics","Waves - Refraction","Hard","The refractive index of glass is 1.5. Calculate the critical angle for a glass-air interface.","41.8°","sin(c) = 1/n = 1/1.5 = 0.667. c = sin^-1(0.667) ≈ 41.8°.","0625/5.3"
"Physics","Waves - Wave Equation","Hard","The wavelength of red light is 700 nm. Calculate its frequency. (c = 3 x 10^8 m/s)","4.3 x 10^14 Hz","700 nm = 7 x 10^-7 m. f = c/λ = 3 x 10^8 / 7 x 10^-7 ≈ 4.3 x 10^14 Hz.","0625/5.1"
"Physics","Electricity - Current","Easy","Define electric current.","The rate of flow of electric charge; I = Q/t; unit: ampere (A)","In metals current is the flow of free electrons. Conventional current direction is opposite to electron flow.","0625/6.1"
"Physics","Electricity - Ohm's Law","Easy","State Ohm's Law.","Current through a conductor is directly proportional to the potential difference across it at constant temperature; V = IR","Ohm's Law applies to ohmic conductors. Non-ohmic devices (diodes, LDRs, thermistors) do not follow this relationship.","0625/6.2"
"Physics","Electricity - Resistance","Easy","Calculate the resistance of a component with voltage 12 V and current 3 A.","4 Ω","R = V/I = 12/3 = 4 Ω.","0625/6.2"
"Physics","Electricity - Circuits","Easy","Two resistors of 6 Ω and 4 Ω are connected in series. Calculate the total resistance.","10 Ω","In series: R_total = R1 + R2 = 6 + 4 = 10 Ω.","0625/6.3"
"Physics","Electricity - Circuits","Medium","Two resistors of 6 Ω and 12 Ω are connected in parallel. Calculate the combined resistance.","4 Ω","1/R = 1/6 + 1/12 = 2/12 + 1/12 = 3/12 = 1/4. R = 4 Ω.","0625/6.3"
"Physics","Electricity - Power","Medium","Calculate the power dissipated in a 5 Ω resistor carrying a current of 2 A.","20 W","P = I^2 x R = 2^2 x 5 = 4 x 5 = 20 W.","0625/6.4"
"Physics","Electricity - Charge","Medium","Calculate the charge that flows when a current of 5 A passes for 30 s.","150 C","Q = It = 5 x 30 = 150 C.","0625/6.1"
"Physics","Electricity - Resistance","Medium","Explain why the resistance of a metal wire increases as temperature increases.","Metal ions vibrate more vigorously at higher temperature; free electrons collide more frequently with ions; electron flow is impeded; resistance increases.","Light bulb filaments have much higher resistance when hot than cold. This is why their I-V graph is non-linear.","0625/6.2"
"Physics","Electricity - Safety","Medium","Explain how a fuse protects an electrical circuit.","A fuse contains a thin wire rated at a specific current; if current exceeds this value the wire heats up and melts breaking the circuit; prevents overheating of wiring which could cause a fire.","A fuse should be rated slightly above normal operating current. Circuit breakers and RCDs provide additional protection.","0625/6.5"
"Physics","Electricity - Energy","Hard","An 800 W appliance is used for 2 hours. Calculate energy used in joules and the cost at 15p per kWh.","5.76 MJ; 24p","Energy = Pt = 800 x 7200 = 5 760 000 J = 5.76 MJ. In kWh: 0.8 x 2 = 1.6 kWh. Cost = 1.6 x 15p = 24p.","0625/6.4"
"Physics","Electricity - Internal Resistance","Hard","A battery has EMF 12 V and internal resistance 0.5 Ω connected to an external resistor of 5.5 Ω. Calculate the terminal potential difference.","11 V","Total R = 0.5 + 5.5 = 6 Ω. I = 12/6 = 2 A. Terminal pd = EMF − Ir = 12 − (2 x 0.5) = 11 V.","0625/6.3"
"Physics","Electricity - Kirchhoff","Hard","In a parallel circuit three branches carry 2 A, 3 A, and 1.5 A respectively. State the total current from the battery using Kirchhoff's First Law.","6.5 A","Kirchhoff's First Law: current into a junction equals current out. Total = 2 + 3 + 1.5 = 6.5 A.","0625/6.3"
"Physics","Magnetism - Fields","Easy","Describe the pattern of magnetic field lines around a bar magnet.","Lines run from North to South pole outside the magnet; lines are denser near the poles (stronger field); lines never cross; inside the magnet they run from South to North.","Magnetic field line density indicates field strength. Poles are where field lines are most concentrated.","0625/7.1"
"Physics","Magnetism - Materials","Easy","Name three magnetic materials.","Iron, nickel, cobalt (and alloys such as steel)","These ferromagnetic materials can be magnetised because their atomic magnetic domains can align with an external field.","0625/7.1"
"Physics","Magnetism - Electromagnets","Medium","Describe how to make an electromagnet and state two factors that affect its strength.","Coil of insulated wire wound around a soft iron core; pass DC current; core becomes magnetised. Strength increased by: more turns or larger current.","Soft iron is used because it is a temporary magnet easily magnetised and demagnetised. Steel would remain permanently magnetised.","0625/7.2"
"Physics","Magnetism - Motor Effect","Medium","Describe the motor effect and state the rule for finding the force direction.","A current-carrying conductor in a magnetic field experiences a force. Direction given by Fleming's Left-Hand Rule: First finger = Field; seCond finger = Current; thuMb = Motion.","The force is maximum when the conductor is perpendicular to the field and zero when parallel. Used in electric motors.","0625/7.3"
"Physics","Magnetism - Motor Effect","Medium","State three factors that affect the force on a current-carrying conductor in a magnetic field.","Magnitude of current; length of conductor in the field; magnetic flux density (field strength); angle between conductor and field (maximum at 90°).","F = BIL sin θ. Force doubles if current doubles or if flux density doubles. Maximum when conductor is perpendicular to field.","0625/7.3"
"Physics","Magnetism - Induction","Medium","Describe electromagnetic induction and state Faraday's Law.","A changing magnetic flux through a conductor induces an EMF; if the circuit is complete an induced current flows. Faraday's Law: induced EMF is proportional to the rate of change of magnetic flux.","Lenz's Law: the induced current opposes the change causing it (conservation of energy). Basis of generators and transformers.","0625/7.4"
"Physics","Magnetism - Transformers","Hard","Explain how a transformer works including the role of the soft iron core.","AC in primary coil creates changing magnetic field; soft iron core channels changing flux to secondary coil; changing flux induces EMF in secondary (mutual induction); ratio: Vs/Vp = Ns/Np.","Transformers only work with AC because a changing field is needed. Soft iron allows rapid magnetisation and demagnetisation.","0625/7.5"
"Physics","Magnetism - Transformers","Hard","A transformer has primary voltage 230 V with 1000 turns and 50 secondary turns. Calculate secondary voltage and state the transformer type.","11.5 V; step-down transformer","Vs/Vp = Ns/Np. Vs = 230 x (50/1000) = 11.5 V. Fewer secondary turns → lower output voltage → step-down.","0625/7.5"
"Physics","Radioactivity - Types","Easy","Describe alpha radiation.","Helium nuclei (2 protons + 2 neutrons); charge +2; mass number 4; strongly ionising; stopped by a few cm of air or a sheet of paper.","Alpha particles are the least penetrating but most ionising form of radiation. They are dangerous if the radioactive source is ingested.","0625/8.1"
"Physics","Radioactivity - Half-Life","Easy","Define half-life.","The time for half the radioactive nuclei in a sample to decay; equivalently the time for activity to fall to half its initial value.","Half-life is constant for a given isotope and ranges from fractions of a second to billions of years. It cannot be changed by chemical or physical processes.","0625/8.2"
"Physics","Radioactivity - Types","Medium","Compare the penetrating ability and ionising power of alpha, beta, and gamma radiation.","Alpha: paper stops it; most ionising. Beta: 5 mm aluminium stops it; intermediate. Gamma: reduced by thick lead or concrete; least ionising; most penetrating.","Alpha particles are large and slow causing many ionisations per unit path. Gamma photons travel at light speed and interact much less frequently.","0625/8.1"
"Physics","Radioactivity - Half-Life","Medium","A radioactive sample has initial activity 800 Bq and half-life 2 years. Calculate activity after 6 years.","100 Bq","6 years = 3 half-lives (6/2 = 3). 800 → 400 → 200 → 100 Bq.","0625/8.2"
"Physics","Radioactivity - Nuclear Equations","Medium","Write a nuclear equation for the alpha decay of radium-226 (atomic number 88).","Ra-226(88) → Rn-222(86) + He-4(2); i.e. 226_88Ra → 222_86Rn + 4_2He","Alpha decay: mass number decreases by 4; atomic number decreases by 2. Conservation of mass number and atomic number must hold.","0625/8.3"
"Physics","Radioactivity - Applications","Medium","Describe three uses of radioactive isotopes.","Medical: gamma radiation in radiotherapy; iodine-131 for thyroid treatment; technetium-99m for imaging. Industrial: detecting leaks; thickness gauges. Archaeological: carbon-14 dating.","Radioactive tracers are used in medical imaging. Gamma sterilisation is used for medical equipment. Carbon dating uses known C-14 half-life.","0625/8.4"
"Physics","Radioactivity - Safety","Hard","Describe safety precautions when handling radioactive sources in a school laboratory.","Use tongs (maximise distance); work behind lead or perspex shield; wear dosimeter badge; minimise exposure time; store sources in lead-lined container; never point at people; wash hands after use.","These precautions minimise dose by increasing distance (inverse square law applies to gamma); shielding; and reducing time of exposure.","0625/8.5"
"Physics","Radioactivity - Half-Life","Hard","A wood sample contains 1/8 of its original C-14 activity. The half-life of C-14 is 5730 years. Estimate the age of the sample.","17 190 years","1/8 = (1/2)^3 so 3 half-lives have elapsed. Age = 3 x 5730 = 17 190 years.","0625/8.2"
