Subject,Topic,Difficulty,Question,Answer,Explanation,EdexcelSpecReference
Biology,Biological Molecules,extended,A student investigated the effect of pH on amylase activity using starch. Explain why there is an optimum pH for amylase activity.,"At the optimum pH, the active site has the ideal shape/charge distribution to bind the starch substrate most effectively. If pH is too low or too high, H⁺ or OH⁻ ions interfere with the ionic and hydrogen bonds that maintain the enzyme's tertiary structure, changing the shape of the active site so substrate cannot bind effectively.",pH affects the ionisation of R-groups in the active site and the hydrogen bonds maintaining tertiary structure. Salivary amylase has optimum pH ~7 (neutral); stomach would denature it at pH 2.,4BI1/B2
Biology,Biological Molecules,foundation,"Describe what is meant by an enzyme being ""denatured"".","The enzyme's active site changes shape permanently due to high temperature or extreme pH, so the substrate can no longer fit. The enzyme cannot function and the reaction rate falls to zero.",Denaturation is irreversible shape change of the active site. Excess heat breaks hydrogen bonds holding the tertiary structure. This is different from just slowing down — the enzyme is permanently non-functional.,4BI1/B2
Biology,Biological Molecules,foundation,"What is the chemical test for starch, and what is a positive result?","The iodine test. Add iodine solution (yellow-brown) to the sample. A positive result is a blue-black colour change, indicating starch is present.","Iodine molecules become trapped inside the helical structure of starch molecules, causing the colour change to blue-black. If no starch is present, the solution remains yellow-brown.",4BI1/B2
Biology,Biological Molecules,foundation,State the building blocks (monomers) of proteins.,Amino acids,"Proteins are polymers made of long chains of amino acids joined by peptide bonds. There are 20 different amino acids, and the sequence determines the protein's shape and function.",4BI1/B2
Biology,Biological Molecules,higher,"Explain why increasing the temperature from 20°C to 35°C increases enzyme activity, but increasing from 35°C to 60°C decreases activity.",From 20°C to 35°C: more kinetic energy → more frequent enzyme-substrate collisions → higher reaction rate. Above the optimum (~37°C): excessive heat breaks bonds maintaining enzyme shape → active site distorts → enzyme denatures → activity falls.,"Two competing effects: (1) more heat = faster molecules = more successful collisions (positive, up to optimum); (2) beyond optimum, heat breaks hydrogen bonds maintaining tertiary structure, destroying the active site shape.",4BI1/B2
Biology,Biological Molecules,higher,Explain how an enzyme catalyses a reaction using the lock-and-key model.,"The enzyme has a specific active site shape. The substrate molecule (with a complementary shape) binds to the active site, forming an enzyme-substrate complex. The enzyme lowers the activation energy needed for the reaction, products are released, and the enzyme is unchanged and can be reused.","Lock-and-key: specific active site = lock, specific substrate = key. The enzyme is a biological catalyst — it speeds up the reaction by lowering activation energy, and remains unchanged at the end.",4BI1/B2
Biology,Cells,extended,A student looked at a cell under a microscope. The image was 24 mm wide. The actual cell was 0.03 mm wide. Calculate the magnification and state the formula used.,Magnification = image size ÷ actual size = 24 ÷ 0.03 = ×800,Magnification = image size / actual size = 24 mm / 0.03 mm = 800. The cell is magnified 800 times. Students must show the formula and correct calculation.,4BI1/B1
Biology,Cells,foundation,Describe what happens during mitosis.,"The chromosomes are copied and the cell divides to produce two genetically identical daughter cells, each with the same number of chromosomes as the parent cell.","In mitosis: DNA replication occurs, chromosomes align at the centre, copies are pulled to opposite poles, and two identical cells form. Used for growth and repair.",4BI1/B1
Biology,Cells,foundation,State the function of the nucleus in a cell.,The nucleus controls the activities of the cell and contains the genetic material (DNA) which carries the instructions for making proteins.,The nucleus acts as the control centre. It contains chromosomes made of DNA which carry genes — the instructions for making proteins and controlling cell processes.,4BI1/B1
Biology,Cells,foundation,State THREE structures found in plant cells but NOT in animal cells.,"Cell wall (made of cellulose), chloroplasts, large permanent vacuole.","Plant cells have these three additional structures. The cell wall provides rigidity, chloroplasts carry out photosynthesis, and the large vacuole maintains turgor pressure.",4BI1/B1
Biology,Cells,foundation,What is the role of the cell membrane?,"The cell membrane controls what enters and leaves the cell. It is selectively permeable, allowing some substances through but not others.",The cell membrane (phospholipid bilayer) regulates transport. It is selectively permeable: small/non-polar molecules pass freely; larger or polar molecules need protein channels or active transport.,4BI1/B1
Biology,Cells,higher,"Explain why meiosis produces genetic variation, but mitosis does not.","Meiosis involves crossing over between homologous chromosomes (exchange of genetic material) and independent assortment (random separation) of chromosomes, producing four genetically different haploid cells. Mitosis simply copies the DNA, producing identical cells.",Meiosis creates variation through: (1) crossing over in prophase I — swapping DNA segments between homologous pairs; (2) independent assortment — random alignment of chromosome pairs.,4BI1/B1
Biology,Cells,higher,Explain how a nerve cell (neurone) is adapted to carry out its function.,A neurone has a long axon to carry electrical impulses over long distances; a myelin sheath for insulation and to speed up impulse transmission; dendrites to receive impulses from other cells.,"Adaptation to function: long axon (distance), myelin sheath (speed), dendrites (receiving signals). The cell body contains the nucleus to produce proteins needed for function.",4BI1/B1
Biology,Coordination,extended,"Evaluate the use of contraceptive pills containing oestrogen and progesterone, including mechanism and side effects.","Mechanism: high oestrogen and progesterone levels suppress FSH (negative feedback), preventing follicle development and ovulation; cervical mucus thickens blocking sperm. Advantages: highly effective (>99%), reduces period pain. Disadvantages: daily dosing, no STI protection, side effects (nausea, mood changes, increased blood clot risk). Not suitable for women with hypertension or blood clot history.",The combined pill suppresses ovulation via negative feedback on the pituitary gland. Students must know the hormonal mechanism and evaluate trade-offs in extended answers.,4BI1/B8
Biology,Coordination,extended,Evaluate the use of contraceptive pills containing oestrogen and progesterone. Include the mechanism of action and potential side effects.,"Mechanism: high levels of oestrogen and progesterone inhibit FSH production (negative feedback on pituitary), preventing follicle development and ovulation. The cervical mucus also thickens (barrier to sperm). Advantages: highly effective (>99% if taken correctly), reduces period pain and heavy bleeding, may protect against ovarian/uterine cancers. Disadvantages: must be taken daily, does not protect against STIs, side effects include nausea, mood changes, increased blood clot risk (especially combined pill), not suitable for all women (e.g. hypertension, history of blood clots).",The combined pill (oestrogen + progesterone) works mainly by suppressing ovulation. The progesterone-only pill thickens cervical mucus. Students should know the hormonal mechanism and be able to evaluate the trade-offs.,4BI1/B8
Biology,Coordination,foundation,Describe the sequence of events in a reflex arc when you touch a hot surface.,Receptor (in skin) detects stimulus (heat/pain) → sensory neurone carries impulse to spinal cord → relay neurone in spinal cord → motor neurone carries impulse to effector (muscle) → response (hand is pulled away). The brain becomes aware of pain after the reflex response.,"Reflex arcs bypass the brain for speed. Sequence: receptor → sensory neurone → relay neurone (spinal cord) → motor neurone → effector. The response is fast, automatic, and involuntary.",4BI1/B7
Biology,Coordination,foundation,State TWO differences between hormonal and nervous coordination.,"1. Nervous: fast (electrical impulse); hormonal: slow (via blood). 2. Nervous: short-lived, localised effect; hormonal: longer-lasting, widespread effect.","Nervous system: electrical signals, very fast (milliseconds), precise target. Hormonal system: chemical messengers in blood, slower, longer duration, can affect multiple target organs.",4BI1/B7
Biology,Coordination,higher,Explain how blood glucose concentration is regulated after eating a meal rich in carbohydrates.,After eating: blood glucose rises. Pancreas (beta cells in islets of Langerhans) detects high glucose and secretes insulin into blood. Insulin causes liver and muscle cells to take up glucose and convert it to glycogen (glycogenesis). Blood glucose returns to normal. This is negative feedback control.,"Key players: pancreas, insulin, glycogen, liver. Negative feedback: the response opposes the change. If glucose falls too low, glucagon (from alpha cells) promotes glycogen breakdown back to glucose (glycogenolysis).",4BI1/B7
Biology,Ecology,extended,Evaluate the impact of deforestation on the carbon cycle and on biodiversity.,"Carbon cycle: trees store large amounts of carbon as wood. When felled and burned: CO₂ released immediately. When decomposed: CO₂ released slowly. Fewer trees = less photosynthesis = less CO₂ absorbed. Net effect: increased atmospheric CO₂, contributing to enhanced greenhouse effect and climate change. Biodiversity: loss of habitat destroys entire ecosystems. Species dependent on forest habitat become extinct. Interdependencies mean loss of one species can trigger further losses. Reduced biodiversity also reduces ecosystem resilience and disrupts nutrient cycles.","Deforestation is a major driver of both climate change (carbon release) and biodiversity loss. Exam answers should evaluate both impacts with specific mechanisms, not just list effects.",4BI1/B10
Biology,Ecology,foundation,"Define ""biodiversity"" and explain why high biodiversity is important.","Biodiversity is the variety of different species in an ecosystem. High biodiversity is important because: ecosystems are more stable and resilient to disease/climate change; complex food webs absorb the loss of one species better; many species provide medicines, food, and materials; and there is an ethical responsibility to preserve species.",High biodiversity = greater ecosystem stability. Complex food webs absorb species loss better than simple food chains. Loss of keystone species can collapse an entire ecosystem.,4BI1/B10
Biology,Ecology,foundation,"Define the term ""ecosystem"".","An ecosystem is all the living organisms (community) in an area together with the non-living (abiotic) components of their environment, and the interactions between them.",Key distinctions: habitat = place where organism lives; population = all individuals of one species; community = all species in an area; ecosystem = community + abiotic environment.,4BI1/B10
Biology,Ecology,higher,"Describe the carbon cycle, including at least THREE processes that move carbon between the atmosphere and living organisms.",CO₂ removed from atmosphere: (1) photosynthesis — plants absorb CO₂ to make glucose. CO₂ returned: (2) respiration — organisms release CO₂ from glucose; (3) decomposition — bacteria/fungi break down dead matter releasing CO₂; (4) combustion — burning fossil fuels/wood releases CO₂. Fossil fuels are long-term carbon stores formed from dead organisms over millions of years.,"Photosynthesis removes CO₂; respiration/decomposition/combustion return it. Deforestation disrupts balance by reducing photosynthesis and releasing stored carbon. Burning fossil fuels adds ""new"" CO₂ locked away for millions of years.",4BI1/B10
Biology,Ecology,higher,Describe the role of nitrifying bacteria and denitrifying bacteria in the nitrogen cycle.,"Nitrifying bacteria: convert ammonium ions (NH₄⁺) to nitrite, then to nitrate (NO₃⁻) in the soil (nitrification). These nitrates are absorbed by plants. Denitrifying bacteria: convert nitrates back to nitrogen gas (N₂) in anaerobic soil conditions (denitrification), returning nitrogen to the atmosphere.","Nitrogen cycle key organisms: nitrogen-fixing bacteria (N₂ → NH₃, in root nodules of legumes), nitrifying bacteria (NH₄⁺ → NO₃⁻), denitrifying bacteria (NO₃⁻ → N₂), decomposers (dead matter → NH₄⁺).",4BI1/B10
Biology,Ecology,higher,Explain why only about 10% of energy is transferred from one trophic level to the next in a food chain.,"Most energy is lost between trophic levels due to: (1) heat released during respiration by organisms at each level; (2) energy used in movement, growth, reproduction; (3) materials not eaten (bones, roots); (4) materials eaten but not digested (passed out as faeces). Only the energy stored in biomass is available to the next trophic level.","10% efficiency rule: 90% of energy is lost per trophic level. This is why food chains rarely exceed 4-5 links, and why eating plants is more energy-efficient than eating animals.",4BI1/B10
Biology,Human Nutrition,extended,"A patient has their gall bladder removed. Explain how this would affect fat digestion and absorption, and suggest dietary advice for the patient.","Without the gall bladder, bile cannot be stored and released in concentrated bursts when fat is eaten. Bile will drip slowly into the duodenum. Large fat meals will not be emulsified efficiently, reducing lipase activity and fat absorption, causing discomfort and possible fat-soluble vitamin deficiency. Advice: eat small, low-fat meals frequently.",The gall bladder concentrates and stores bile for release in response to fatty food. Its removal means continuous dilute bile flow — adequate for small fat meals but insufficient for large ones.,4BI1/B3
Biology,Human Nutrition,foundation,"Name the enzyme that digests proteins, and state where it is produced.",Protease (e.g. pepsin in the stomach). Proteases are produced in the stomach and pancreas.,Proteases break peptide bonds between amino acids. Pepsin is produced by the stomach wall. Trypsin is produced by the pancreas. Both break proteins into amino acids.,4BI1/B3
Biology,Human Nutrition,foundation,State the deficiency disease caused by a lack of vitamin C and describe two symptoms.,"Scurvy. Symptoms include: bleeding gums, slow wound healing, joint pain, fatigue.","Vitamin C (ascorbic acid) is needed for collagen synthesis. Without it, connective tissue weakens, causing gum bleeding and poor wound healing. Common in sailors before citrus was recognised as a remedy.",4BI1/B3
Biology,Human Nutrition,foundation,State the role of bile in digestion. Where is bile produced and where is it stored?,"Bile emulsifies fats — it breaks large fat globules into smaller droplets, increasing the surface area for lipase enzymes to act on. Bile is produced in the liver and stored in the gall bladder.","Bile is an emulsifier, not an enzyme. It does not chemically digest fat but increases surface area for lipase. Key distinction: produced in liver, stored in gall bladder, released into duodenum.",4BI1/B3
Biology,Human Nutrition,higher,Explain how the small intestine is adapted for the absorption of digested food.,The small intestine has: (1) a very long length giving large total surface area; (2) villi — finger-like projections increasing surface area; (3) microvilli on each villus cell further increasing surface area; (4) rich blood supply in each villus to maintain concentration gradient; (5) thin epithelial cells allowing short diffusion distance.,Maximum absorption requires maximum surface area and minimum diffusion distance. Villi contain lacteal vessels (for fat absorption via lymph) and capillaries (for amino acids and sugars into blood).,4BI1/B3
Biology,Inheritance,extended,Haemophilia is an X-linked recessive disorder. A carrier female (X^H X^h) has children with a normal male (X^H Y). Draw a genetic cross and state the probability of a son having haemophilia.,"Cross: X^H X^h × X^H Y. Offspring: X^H X^H (normal female), X^H X^h (carrier female), X^H Y (normal male), X^h Y (haemophiliac male). Probability of a son having haemophilia = 1/2 (50%) of all sons, or 1/4 (25%) of all children.",X-linked recessive: females need two copies of X^h to be affected; males only need one (X^h Y). Carrier females have one copy but appear normal. Sons of a carrier female have 50% chance of being affected.,4BI1/B9
Biology,Inheritance,extended,Haemophilia is X-linked recessive. A carrier female (X^H X^h) has children with a normal male (X^H Y). State the probability of a son having haemophilia and justify using a genetic cross.,"Cross: X^H X^h × X^H Y. Offspring: X^H X^H (normal female), X^H X^h (carrier female), X^H Y (normal male), X^h Y (haemophiliac male). Probability = 1/2 (50%) of sons, or 1/4 (25%) of all children.",X-linked recessive: males (XY) need only one X^h copy to be affected; females need two. Carrier females appear normal but pass the allele to 50% of sons.,4BI1/B9
Biology,Inheritance,foundation,"A pea plant is homozygous dominant for seed colour (YY). Another is homozygous recessive (yy). Y = yellow, y = green. Predict the phenotype ratio of the F1 generation.","All yellow seeds (100% Yy — all heterozygous, yellow dominant)","Cross YY × yy: all F1 offspring are Yy. Since Y is dominant over y, all plants have yellow seeds. Genotype = Yy (heterozygous), phenotype = yellow.",4BI1/B9
Biology,Inheritance,foundation,What is a mutation? Give ONE example of a factor that can increase the mutation rate.,"A mutation is a random change in the base sequence of DNA. Factors that increase mutation rate include: ionising radiation (X-rays, UV light, gamma radiation) and certain chemicals (mutagens, e.g. those in cigarette smoke).","Mutations can be beneficial, harmful, or neutral. Most are neutral. They are the raw material for natural selection. Radiation causes mutations by damaging DNA or causing abnormal chromosome separation.",4BI1/B9
Biology,Inheritance,higher,"In a monohybrid cross between two heterozygous parents (Tt × Tt, where T = tall, t = short), predict the genotype and phenotype ratios of the offspring.",Genotype ratio: 1 TT : 2 Tt : 1 tt. Phenotype ratio: 3 tall : 1 short.,"Punnett square: TT, Tt, Tt, tt. Phenotype: TT = tall, Tt = tall (T is dominant), tt = short. Classic 3:1 phenotype ratio. This is the basis of Mendel's law of segregation.",4BI1/B9
Biology,Inheritance,higher,Cystic fibrosis is caused by a recessive allele (f). Two carriers (Ff × Ff) have children. What is the probability their next child will have cystic fibrosis?,1 in 4 (25%),"Punnett square for Ff × Ff: FF, Ff, Ff, ff. Only ff has cystic fibrosis. Probability = 1/4 = 25%. Each pregnancy is independent — the probability is always 1/4 regardless of previous children.",4BI1/B9
Biology,Plant Nutrition,extended,A student investigated the effect of light intensity on the rate of photosynthesis by counting oxygen bubbles produced by pondweed at different distances from a lamp. Identify TWO variables that must be controlled and explain why.,"Temperature: must be kept constant because temperature affects enzyme activity (RuBisCO and others); a rise in temperature could increase photosynthesis rate independent of light. CO₂ concentration: must be kept constant because CO₂ is a reactant; if it runs out, it becomes the limiting factor rather than light intensity.","In any rate-of-photosynthesis experiment: light intensity, CO₂ concentration, and temperature are all potential limiting factors and potential variables. Control all except the one being investigated. Light intensity ∝ 1/distance².",4BI1/B4
Biology,Plant Nutrition,foundation,Describe the structure of a leaf that makes it efficient for photosynthesis.,Large flat blade = large surface area to absorb light. Transparent upper epidermis allows light through. Palisade cells near the top contain many chloroplasts. Stomata (pores) allow CO₂ in and O₂ out. Air spaces in spongy mesophyll allow gas diffusion. Veins supply water via xylem.,"Each leaf feature links to a function: surface area (light capture), position of palisade cells (maximum light), stomata (gas exchange), thin structure (short diffusion distance), xylem (water supply).",4BI1/B4
Biology,Plant Nutrition,foundation,State THREE limiting factors that can reduce the rate of photosynthesis.,"Low light intensity, low carbon dioxide concentration, low temperature (in cold conditions).","A limiting factor is one that, when in short supply, prevents the rate of photosynthesis from increasing even if other conditions are ideal. Above ~40°C, enzymes may denature and rate falls.",4BI1/B4
Biology,Plant Nutrition,foundation,Write the word equation for photosynthesis.,Carbon dioxide + water → glucose + oxygen (in the presence of light and chlorophyll),Photosynthesis converts light energy into chemical energy stored in glucose. CO₂ + H₂O → C₆H₁₂O₆ + O₂. Chlorophyll absorbs light; the process occurs mainly in the palisade mesophyll cells.,4BI1/B4
Biology,Plant Nutrition,higher,A plant is kept in darkness for 48 hours then placed in light. Describe and explain what happens to the starch content of its leaves over the next 24 hours.,"During darkness: starch is already absent (broken down). In the first few hours of light: the plant begins photosynthesising, producing glucose which is converted to starch for storage. After 24 hours in light: starch levels are high, measurable with iodine test.","Plants de-starched in darkness (standard prep for photosynthesis experiments). Once returned to light, chlorophyll absorbs light energy to fix CO₂ into glucose, which is stored as starch in chloroplasts.",4BI1/B4
Biology,Plant Nutrition,higher,Explain the role of nitrates and magnesium ions in plant nutrition.,"Nitrates (NO₃⁻): absorbed by roots via active transport; used to make amino acids and proteins (essential for growth). Without nitrates: plants show stunted growth and yellow-green leaves. Magnesium (Mg²⁺): essential component of chlorophyll; without it, plants cannot make chlorophyll → leaves turn yellow (chlorosis).",Both are mineral ions absorbed from soil. Nitrates → nitrogen → amino acids → proteins. Magnesium → chlorophyll → photosynthesis. Deficiency symptoms are classic exam points.,4BI1/B4
Biology,Reproduction,foundation,Describe the changes that occur to the uterus lining during the menstrual cycle.,"Days 1–5: menstruation (uterus lining shed). Days 5–14: lining regrows/thickens under influence of oestrogen. Day 14: ovulation. Days 14–28: lining maintained under influence of progesterone. If no fertilisation: progesterone levels fall, lining breaks down and cycle restarts.","Key hormones: FSH (follicle development), LH (triggers ovulation), oestrogen (rebuilds lining), progesterone (maintains lining). The 28-day cycle is regulated by the pituitary gland and ovaries via negative feedback.",4BI1/B8
Biology,Reproduction,higher,Explain how hormones are used in in vitro fertilisation (IVF) treatment.,"The woman is given FSH to stimulate maturation of multiple follicles in the ovaries. LH is then given to trigger ovulation. Eggs are collected and fertilised with sperm in a laboratory. The resulting embryos are incubated, then one or two are implanted into the uterus. Progesterone may be given to help maintain the uterine lining.",IVF bypasses natural fertilisation. FSH = superovulation. The key steps: hormonal stimulation → egg collection → in vitro fertilisation → embryo culture → embryo transfer. Success rates vary by age.,4BI1/B8
Biology,Respiration,extended,A student exercised for 10 minutes. Explain the physiological responses that increase oxygen delivery to muscles during exercise.,Heart rate increases (more beats per minute = more blood pumped). Stroke volume increases (heart contracts more forcefully). Breathing rate and depth increase (more air in/out per minute). Blood vessels to muscles vasodilate (more blood flow to working muscles). Combined effect: more oxygen delivered per minute.,During exercise: adrenaline + nerve signals increase heart rate and stroke volume → increased cardiac output. Respiratory centre detects rising CO₂ → increases breathing. Vasodilation to muscles (and vasoconstriction to gut) redistributes blood.,4BI1/B6
Biology,Respiration,foundation,"What is meant by an ""oxygen debt"" after vigorous exercise?","During intense exercise, muscles respire anaerobically, producing lactic acid. After exercise stops, extra oxygen is needed to break down the accumulated lactic acid (convert it back to glucose or CO₂ and water in the liver). This extra oxygen requirement is the oxygen debt.",Oxygen debt = the extra oxygen needed after anaerobic exercise to oxidise lactic acid. Breathing and heart rate remain elevated after exercise to repay this debt. Lactic acid causes the burning sensation in muscles.,4BI1/B6
Biology,Respiration,foundation,Compare aerobic and anaerobic respiration in humans.,"Aerobic: uses oxygen, produces CO₂ and water, releases large amount of energy (38 ATP). Anaerobic: no oxygen needed, produces lactic acid in animals (or ethanol + CO₂ in yeast), releases small amount of energy (2 ATP).","Anaerobic respiration is less efficient — glucose is only partially broken down, producing lactic acid. Lactic acid causes muscle fatigue. Oxygen debt is repaid after exercise.",4BI1/B6
Biology,Respiration,foundation,Write the word equation for aerobic respiration.,Glucose + oxygen → carbon dioxide + water (+ energy),"Aerobic respiration releases energy from glucose using oxygen. The energy is used for active transport, movement, protein synthesis, maintaining body temperature. Balanced equation: C₆H₁₂O₆ + 6O₂ → 6CO₂ + 6H₂O.",4BI1/B6
Biology,Respiration,higher,Explain how the alveoli are adapted for efficient gas exchange.,"Large number of alveoli = very large total surface area. Thin one-cell-thick walls = short diffusion distance. Rich capillary network = maintains steep concentration gradient (CO₂ removed, O₂ replenished quickly). Moist lining = gases dissolve for diffusion.","Fick's law: rate of diffusion ∝ (surface area × concentration gradient) / diffusion distance. Alveoli maximise surface area and gradient, minimise distance.",4BI1/B6
Biology,Transport,foundation,Describe the role of xylem in plants.,"Xylem vessels carry water and dissolved mineral ions from the roots to the leaves and stem. They are made of dead cells with thick, lignified walls and are hollow to allow uninterrupted flow.",Xylem = water up (transpiration stream driven by evaporation from leaves). Dead cells with lignin walls. Compare with phloem = food (sugars) both up and down (translocation).,4BI1/B5
Biology,Transport,foundation,State the differences between arteries and veins.,Arteries: carry blood away from the heart; thick muscular walls; high pressure; no valves; small lumen. Veins: carry blood towards the heart; thin walls; low pressure; valves prevent backflow; large lumen.,Arteries have thick walls to withstand high pressure from heart pumping. Veins have valves to prevent backflow as pressure is low. Capillaries link the two — thin walls for exchange.,4BI1/B5
Biology,Transport,higher,"Explain how transpiration is affected by increasing wind speed and increasing humidity, and explain why.","Increased wind speed increases transpiration rate: wind removes water vapour from around the stomata, maintaining a steep concentration gradient for water vapour to diffuse out. Increased humidity decreases transpiration rate: more water vapour in the air reduces the concentration gradient between inside the leaf and outside, slowing diffusion.",Transpiration is driven by diffusion. The rate depends on the concentration gradient of water vapour between the leaf's air spaces and the external air. Anything steepening the gradient increases rate; anything reducing it decreases rate.,4BI1/B5
Biology,Transport,higher,Explain how the heart ensures a one-way flow of blood through the circulatory system.,"The heart has four chambers with valves between them: the atrioventricular (bicuspid and tricuspid) valves prevent backflow from ventricles to atria; the semilunar (aortic and pulmonary) valves prevent backflow from arteries to ventricles. The muscular ventricle walls contract to push blood out at high pressure, and valves ensure it moves in only one direction.",Valves are the key mechanism: they open when pressure is higher on the upstream side and close when pressure reverses. The left ventricle has the thickest wall (pumps to the body) vs. the right (pumps to lungs).,4BI1/B5
Mathematics,Algebra,extended,Expand and simplify: (x + 3)² − (x − 2)(x + 4),14 − 2x − x² + x² = 10x + 17... Let me recalculate: (x+3)² = x²+6x+9. (x−2)(x+4) = x²+2x−8. Difference: x²+6x+9 − (x²+2x−8) = 4x+17.,(x+3)² = x²+6x+9. (x−2)(x+4) = x²+4x−2x−8 = x²+2x−8. Subtract: x²+6x+9 − x²−2x+8 = 4x+17.,4MA1/A
Mathematics,Algebra,extended,Use the quadratic formula to solve: 2x² + 5x − 3 = 0. Give your answers to 2 decimal places.,x = 0.5 or x = −3,"Using x = [−b ± √(b²−4ac)] / 2a with a=2, b=5, c=−3: discriminant = 25+24=49. x = (−5 ± 7)/4. So x = 2/4 = 0.5 or x = −12/4 = −3.",4MA1/A
Mathematics,Algebra,foundation,"Find the nth term of the sequence: 5, 8, 11, 14, 17, ...",3n + 2,"The common difference is 3, so the nth term starts with 3n. When n=1, 3(1)=3 but we need 5, so add 2. Check: n=2 → 3(2)+2=8 ✓.",4MA1/A
Mathematics,Algebra,foundation,Expand and simplify: 3(2x + 4) − 2(x − 1),4x + 14,Expand: 6x + 12 − 2x + 2. Collect like terms: (6x − 2x) + (12 + 2) = 4x + 14.,4MA1/A
Mathematics,Algebra,foundation,Factorise fully: 6x² + 9x,3x(2x + 3),"The HCF of 6x² and 9x is 3x. Dividing: 6x²÷3x = 2x, 9x÷3x = 3. So: 3x(2x + 3).",4MA1/A
Mathematics,Algebra,foundation,Make r the subject of the formula: A = πr²,r = √(A/π),Divide both sides by π: A/π = r². Take the square root: r = √(A/π). (Accept positive root only as r is a length.),4MA1/A
Mathematics,Algebra,foundation,Solve: 5x − 3 = 17,x = 4,Add 3 to both sides: 5x = 20. Divide by 5: x = 4.,4MA1/A
Mathematics,Algebra,higher,"Solve the inequality: 3x − 7 > 2, and represent your answer on a number line.",x > 3,Add 7 to both sides: 3x > 9. Divide by 3: x > 3. On a number line: open circle at 3 with arrow pointing right.,4MA1/A
Mathematics,Algebra,higher,Solve the quadratic equation: x² − 5x + 6 = 0,x = 2 or x = 3,Factorise: (x − 2)(x − 3) = 0. Set each factor to zero: x − 2 = 0 → x = 2; x − 3 = 0 → x = 3.,4MA1/A
Mathematics,Algebra,higher,Solve the simultaneous equations: 2x + 3y = 12 and x − y = 1,"x = 3, y = 2",From equation 2: x = y + 1. Substitute into eq 1: 2(y+1) + 3y = 12 → 5y + 2 = 12 → y = 2. Then x = 3.,4MA1/A
Mathematics,Geometry,extended,"Vector AB = (3, −2) and vector BC = (−1, 5). Find |AC| to 2 decimal places.","|AC| = √(4² + 3²)... AC = AB + BC = (2, 3). |AC| = √(4+9) = √13 ≈ 3.61","AC = AB + BC = (3+(−1), −2+5) = (2, 3). |AC| = √(2² + 3²) = √(4+9) = √13 ≈ 3.61.",4MA1/G
Mathematics,Geometry,foundation,"The interior angles of a triangle are x°, (2x)° and 60°. Find the value of x.",x = 40,Angles in a triangle sum to 180°: x + 2x + 60 = 180 → 3x = 120 → x = 40.,4MA1/G
Mathematics,Geometry,foundation,A circle has a radius of 5 cm. Calculate its circumference. (Use π = 3.14),31.4 cm,Circumference = 2πr = 2 × 3.14 × 5 = 31.4 cm.,4MA1/G
Mathematics,Geometry,foundation,Calculate the sum of interior angles of a hexagon.,720°,Sum of interior angles = (n − 2) × 180° = (6 − 2) × 180° = 4 × 180° = 720°.,4MA1/G
Mathematics,Geometry,foundation,The angle at the centre of a circle is 140°. Find the angle at the circumference subtended by the same arc.,70°,The angle at the centre is twice the angle at the circumference (both subtended by the same arc). So 140° ÷ 2 = 70°.,4MA1/G
Mathematics,Geometry,higher,"Triangle ABC has vertices A(1,2), B(4,2) and C(4,6). Describe fully the single transformation that maps triangle ABC to triangle A′B′C′ with vertices A′(−1,−2), B′(−4,−2), C′(−4,−6).","Rotation of 180° about the origin (0,0)","Each point (x,y) maps to (−x,−y). This is a rotation of 180° about the origin. The centre is (0,0).",4MA1/G
Mathematics,Geometry,higher,"Two parallel lines are cut by a transversal. One co-interior angle is 73°. Find the other co-interior angle, explaining your reasoning.",107°,Co-interior (same-side interior) angles are supplementary: they add up to 180°. So the other angle = 180° − 73° = 107°.,4MA1/G
Mathematics,Mensuration,extended,A cone has a slant height of 13 cm and a base radius of 5 cm. Calculate the total surface area of the cone.,282.7 cm² (or 90π cm²),Total surface area = πrl + πr² = π(5)(13) + π(5²) = 65π + 25π = 90π ≈ 282.7 cm².,4MA1/M
Mathematics,Mensuration,foundation,"A trapezium has parallel sides of length 6 cm and 10 cm, and a perpendicular height of 4 cm. Calculate its area.",32 cm²,Area of trapezium = ½ × (sum of parallel sides) × height = ½ × (6+10) × 4 = ½ × 16 × 4 = 32 cm².,4MA1/M
Mathematics,Mensuration,foundation,A rectangle has length 12 cm and width 7 cm. Calculate its area.,84 cm²,Area of rectangle = length × width = 12 × 7 = 84 cm².,4MA1/M
Mathematics,Mensuration,foundation,Calculate the volume of a cuboid with dimensions 5 cm × 4 cm × 3 cm.,60 cm³,Volume = length × width × height = 5 × 4 × 3 = 60 cm³.,4MA1/M
Mathematics,Mensuration,higher,A cylinder has radius 3 cm and height 10 cm. Calculate its total surface area to 1 decimal place.,245.0 cm²,Total surface area = 2πr² + 2πrh = 2π(9) + 2π(3)(10) = 18π + 60π = 78π ≈ 245.0 cm².,4MA1/M
Mathematics,Mensuration,higher,A sector of a circle has radius 8 cm and an angle of 135°. Calculate the arc length to 2 decimal places. (Use π = 3.14159...),18.85 cm,Arc length = (θ/360) × 2πr = (135/360) × 2π × 8 = 0.375 × 50.265 = 18.85 cm.,4MA1/M
Mathematics,Number,foundation,A price increases from £80 to £96. Calculate the percentage increase.,20%,Percentage increase = (increase / original) × 100 = (16 / 80) × 100 = 20%.,4MA1/N
Mathematics,Number,foundation,Calculate 15% of 240.,36,"10% of 240 = 24, 5% = 12. Total: 24 + 12 = 36. Alternatively, 0.15 × 240 = 36.",4MA1/N
Mathematics,Number,foundation,Calculate 3/4 ÷ 1/2. Give your answer as a fraction.,3/2 (or 1½),"To divide by a fraction, multiply by its reciprocal: 3/4 × 2/1 = 6/4 = 3/2.",4MA1/N
Mathematics,Number,foundation,Express 0.00032 in standard form.,3.2 × 10⁻⁴,"Move the decimal point 4 places right to get 3.2, so the power of 10 is negative: 3.2 × 10⁻⁴.",4MA1/N
Mathematics,Number,foundation,Find the Lowest Common Multiple (LCM) of 6 and 8.,24,"Multiples of 6: 6, 12, 18, 24... Multiples of 8: 8, 16, 24... First common multiple is 24.",4MA1/N
Mathematics,Number,foundation,Write 4500 in standard form.,4.5 × 10³,Standard form is A × 10ⁿ where 1 ≤ A < 10. Move the decimal point 3 places left: 4500 = 4.5 × 10³.,4MA1/N
Mathematics,Number,foundation,Write down all the factors of 24.,"1, 2, 3, 4, 6, 8, 12, 24","Factors are integers that divide exactly into 24. Work systematically: 1×24, 2×12, 3×8, 4×6.",4MA1/N
Mathematics,Number,higher,"A car depreciates in value by 15% each year. It is bought for £12,000. What is its value after 3 years? Give your answer to the nearest pound.","£7,368","Use the multiplier 0.85 for each year: £12,000 × 0.85³ = £12,000 × 0.614125 = £7,369.50. To the nearest pound: £7,370. (Accept £7369–£7370 depending on rounding).",4MA1/N
Mathematics,Number,higher,"The upper bound of a length is 12.65 cm and the lower bound is 12.55 cm. Write down the value the length was rounded to, and the degree of accuracy used.","12.6 cm, rounded to 1 decimal place (nearest 0.1 cm)","The midpoint of 12.55 and 12.65 is 12.6. The bounds are ±0.05 from 12.6, which corresponds to rounding to 1 decimal place.",4MA1/N
Mathematics,Number,higher,"Without a calculator, evaluate (2.4 × 10⁵) × (3 × 10³), giving your answer in standard form.",7.2 × 10⁸,Multiply the coefficients: 2.4 × 3 = 7.2. Add the powers: 10⁵ × 10³ = 10⁸. Answer: 7.2 × 10⁸.,4MA1/N
Mathematics,Probability,extended,"In a class of 30, 18 study French (F) and 12 study German (G). 5 study both. Using a Venn diagram, find the probability that a randomly chosen student studies neither French nor German.",5/30 = 1/6,Only F: 18−5=13. Only G: 12−5=7. Both: 5. Total studying at least one = 13+7+5=25. Neither = 30−25=5. P(neither) = 5/30 = 1/6.,4MA1/P
Mathematics,Probability,foundation,"A bag contains 3 red, 5 blue and 2 green balls. A ball is drawn at random. What is the probability it is blue?",1/2 (or 5/10),P(blue) = number of blue ÷ total = 5 ÷ (3+5+2) = 5/10 = 1/2.,4MA1/P
Mathematics,Probability,foundation,Events A and B are mutually exclusive. P(A) = 0.3 and P(B) = 0.4. Find P(A or B).,0.7,"For mutually exclusive events, P(A or B) = P(A) + P(B) = 0.3 + 0.4 = 0.7.",4MA1/P
Mathematics,Probability,foundation,The probability it rains on any day is 0.35. What is the probability it does NOT rain?,0.65,P(no rain) = 1 − P(rain) = 1 − 0.35 = 0.65. Complementary events always sum to 1.,4MA1/P
Mathematics,Probability,higher,A box contains 6 red and 4 blue balls. Two balls are drawn without replacement. Find the probability that both balls are red.,1/3,P(both red) = P(1st red) × P(2nd red | 1st red) = (6/10) × (5/9) = 30/90 = 1/3.,4MA1/P
Mathematics,Probability,higher,Two dice are rolled. Find the probability that the sum of the scores is greater than 9.,1/6,"Outcomes with sum > 9: (4,6),(5,5),(5,6),(6,4),(6,5),(6,6) = 6 outcomes out of 36. P = 6/36 = 1/6.",4MA1/P
Mathematics,Statistics,extended,"Explain why, when data is skewed to the right (positively skewed), the median is a better measure of average than the mean.","The mean is pulled towards the higher extreme values in a right-skewed distribution, giving a misleading impression of the typical value. The median is not affected by extreme values, so it better represents the centre of the data.","In a right-skewed distribution, there are a few very large values. These inflate the mean but do not affect the median. The median is therefore more representative of the typical data value.",4MA1/S
Mathematics,Statistics,foundation,"The ages of 6 people are: 23, 31, 19, 27, 31, 25. Calculate the mean age.",26,Mean = sum ÷ count = (23+31+19+27+31+25) ÷ 6 = 156 ÷ 6 = 26.,4MA1/S
Mathematics,Statistics,foundation,"The heights (cm) of 5 students are: 162, 175, 168, 175, 170. Find the median height.",170 cm,"Arrange in order: 162, 168, 170, 175, 175. The middle value (3rd of 5) is 170 cm.",4MA1/S
Mathematics,Statistics,foundation,"The table shows frequency: Score 1–10: 4, 11–20: 8, 21–30: 6. Calculate an estimate for the mean score.",16.8,"Use midpoints: 5.5, 15.5, 25.5. Mean = (4×5.5 + 8×15.5 + 6×25.5) ÷ (4+8+6) = (22+124+153) ÷ 18 = 299 ÷ 18 ≈ 16.6.",4MA1/S
Mathematics,Statistics,higher,"From a cumulative frequency graph, the lower quartile is 24 and the upper quartile is 42. Calculate the interquartile range and explain what it tells us.","IQR = 18. It shows the range of the middle 50% of the data, giving a measure of spread that is not affected by extreme values.","IQR = Q3 − Q1 = 42 − 24 = 18. The IQR measures the spread of the middle 50% of data, making it resistant to outliers.",4MA1/S
Mathematics,Statistics,higher,A scatter graph shows a strong positive correlation between hours studied and test score. Describe what this means in context.,"As the number of hours studied increases, the test score also tends to increase. There is a strong positive relationship between the two variables.",Positive correlation means both variables increase together. Strong means the points are clustered close to the line of best fit. Correlation does not imply causation.,4MA1/S
Mathematics,Trigonometry,extended,"In triangle ABC, AB = 10 cm, BC = 14 cm and angle BAC = 75°. Use the sine rule to find angle ACB to 1 decimal place.",angle ACB ≈ 43.6°,Sine rule: BC/sin(BAC) = AB/sin(ACB). sin(ACB) = AB × sin(BAC) / BC = 10 × sin75° / 14 = 10 × 0.9659 / 14 = 0.6899. ACB = sin⁻¹(0.6899) ≈ 43.6°.,4MA1/T
Mathematics,Trigonometry,foundation,"Calculate the area of a triangle with sides a = 7 cm, b = 9 cm, and included angle C = 60°.",27.3 cm²,Area = ½ab sin C = ½ × 7 × 9 × sin 60° = ½ × 63 × 0.866 = 27.3 cm².,4MA1/T
Mathematics,Trigonometry,foundation,"In a right-angled triangle, angle A = 40° and the hypotenuse = 15 cm. Find the adjacent side to 2 decimal places.",11.49 cm,cos A = adjacent/hypotenuse → adjacent = hypotenuse × cos A = 15 × cos 40° = 15 × 0.766 = 11.49 cm.,4MA1/T
Mathematics,Trigonometry,foundation,"In a right-angled triangle, the opposite side is 6 cm and the hypotenuse is 10 cm. Find angle θ to 1 decimal place.",36.9°,sin θ = opposite/hypotenuse = 6/10 = 0.6. θ = sin⁻¹(0.6) = 36.87° ≈ 36.9°.,4MA1/T
Mathematics,Trigonometry,higher,"A ship sails 12 km on a bearing of 030°, then 8 km on a bearing of 120°. How far is the ship from its starting point? Give your answer to 1 decimal place.",14.4 km,The angle between the two directions = 120° − 30° = 90°. Using Pythagoras: distance = √(12² + 8²) = √(144+64) = √208 ≈ 14.4 km.,4MA1/T
Mathematics,Trigonometry,higher,"Triangle PQR has PQ = 8 cm, QR = 11 cm and angle PQR = 47°. Find PR to 1 decimal place using the cosine rule.",PR ≈ 8.1 cm,PR² = PQ² + QR² − 2(PQ)(QR)cos(PQR) = 64 + 121 − 2(8)(11)cos47° = 185 − 176 × 0.6820 = 185 − 120.0 = 65.0. PR = √65.0 ≈ 8.1 cm.,4MA1/T
Physics,Electricity,extended,"A lamp rated 60 W, 230 V is left on for 8 hours. Calculate: (a) the current through the lamp, (b) the energy used in kWh, (c) the cost if electricity is 25p per kWh.",(a) I = P/V = 60/230 ≈ 0.26 A. (b) Energy = 0.06 kW × 8 h = 0.48 kWh. (c) Cost = 0.48 × 25p = 12p.,(a) I = P/V = 60/230 = 0.261 A. (b) Power in kW = 60/1000 = 0.06 kW. Energy = 0.06 × 8 = 0.48 kWh. (c) 0.48 × 25 = 12p. Students must show units at each step.,4PH1/P6
Physics,Electricity,foundation,"Explain the difference between conductors and insulators, giving an example of each.",Conductors allow electric current to flow through them easily because they have free (delocalised) electrons that can move. Example: copper wire. Insulators do not allow current to flow because electrons are tightly bound to atoms. Example: rubber/plastic.,"Conductors: metals (free electrons). Insulators: non-metals, rubber, plastic, glass (no free electrons). Semiconductors (silicon, germanium) are intermediate. This is why electrical cables use copper core with plastic insulation.",4PH1/P6
Physics,Electricity,foundation,"Two resistors, 4 Ω and 6 Ω, are connected in series. Calculate the total resistance.",10 Ω,"In series: R_total = R₁ + R₂ = 4 + 6 = 10 Ω. In series circuits, the same current flows through each component and resistances add up.",4PH1/P6
Physics,Electricity,foundation,Calculate the resistance of a component if a current of 2 A flows through it when a voltage of 12 V is applied.,6 Ω,Ohm's Law: V = IR → R = V/I = 12/2 = 6 Ω.,4PH1/P6
Physics,Electricity,foundation,Explain why the live wire in a UK plug is the most dangerous wire.,"The live wire carries the high alternating voltage (230 V) from the mains supply. If someone touches it, current passes through their body to earth, causing electric shock. The neutral wire is at 0 V, so touching it alone is not dangerous. The earth wire is also at 0 V and is a safety wire.","UK mains is 230 V AC, 50 Hz. Live = brown (230 V), neutral = blue (0 V), earth = green/yellow stripe. The fuse is always in the live wire — so it disconnects the high-voltage side.",4PH1/P6
Physics,Electricity,higher,"Two resistors, 6 Ω and 3 Ω, are connected in parallel. Calculate the total resistance.",2 Ω,1/R_total = 1/R₁ + 1/R₂ = 1/6 + 1/3 = 1/6 + 2/6 = 3/6 = 1/2. So R_total = 2 Ω. Parallel resistance is always less than the smallest individual resistance.,4PH1/P6
Physics,Electricity,higher,Calculate the electrical power dissipated by a 40 Ω resistor carrying a current of 3 A.,360 W,"P = I²R = 3² × 40 = 9 × 40 = 360 W. Alternative: first find V = IR = 3 × 40 = 120 V, then P = IV = 3 × 120 = 360 W.",4PH1/P6
Physics,Energy,extended,Evaluate the advantages and disadvantages of wind power as a source of electricity.,"Advantages: renewable (wind is free and unlimited), no greenhouse gas emissions during operation, low running costs, land between turbines can still be farmed. Disadvantages: intermittent (no wind = no electricity), visual and noise impact, requires backup supply for calm periods, initial construction costs are high, wildlife (birds) can be harmed.","Balanced evaluation required for extended marks. Consider environmental impact, reliability, cost, and scale. Wind is renewable but not reliable — this is the key trade-off vs. fossil fuels (reliable but polluting).",4PH1/P3
Physics,Energy,foundation,A 50 kg rock falls from a cliff 40 m high. Calculate the gravitational potential energy lost. (g = 10 m/s²),"20,000 J (20 kJ)","GPE = mgh = 50 × 10 × 40 = 20,000 J. This GPE is converted to kinetic energy as the rock falls (ignoring air resistance).",4PH1/P3
Physics,Energy,foundation,Calculate the kinetic energy of a 1200 kg car travelling at 20 m/s.,"240,000 J (240 kJ)","KE = ½mv² = ½ × 1200 × (20²) = ½ × 1200 × 400 = 240,000 J = 240 kJ.",4PH1/P3
Physics,Energy,foundation,State the principle of conservation of energy.,Energy cannot be created or destroyed. It can only be transferred from one form to another. The total energy in a closed system remains constant.,Conservation of energy is a fundamental physics principle. When a ball falls: GPE → KE (and some heat due to air resistance). A torch: chemical energy → light energy + heat energy. Total is always conserved.,4PH1/P3
Physics,Energy,higher,A machine has an input power of 500 W and an output power of 350 W. Calculate its efficiency as a percentage.,70%,"Efficiency = (useful output power / total input power) × 100 = (350 / 500) × 100 = 70%. The remaining 30% (150 W) is wasted, mainly as heat due to friction.",4PH1/P3
Physics,Energy,higher,A motor lifts a 200 N load by 3 m in 6 seconds. Calculate the power of the motor.,100 W,Work done = force × distance = 200 × 3 = 600 J. Power = work done / time = 600 / 6 = 100 W.,4PH1/P3
Physics,Forces,extended,A 70 kg skydiver reaches terminal velocity. Explain what terminal velocity means and what forces are acting at this point.,"Terminal velocity is the maximum constant speed reached when the driving force equals the resistive force, giving zero resultant force and zero acceleration. At terminal velocity: weight (700 N downward) = air resistance/drag (700 N upward). Resultant force = 0. By Newton's 1st Law, the skydiver moves at constant velocity. Initially, weight > drag, so they accelerate. As speed increases, drag increases until drag = weight.","Three phases: (1) just after jumping: weight >> drag, large acceleration. (2) As speed increases, drag increases, acceleration decreases. (3) Terminal velocity: weight = drag, acceleration = 0. When parachute opens, drag suddenly >> weight, deceleration occurs until new (lower) terminal velocity is reached.",4PH1/P2
Physics,Forces,extended,A uniform plank is 4 m long and weighs 200 N. It is supported at both ends. A 300 N load is placed 1 m from the left end. Calculate the upward forces at each support.,"R_left = 275 N, R_right = 225 N",Take moments about the left support. Clockwise: 300×1 + 200×2 = 700 N m. Anticlockwise: R_right×4. So R_right = 700/4 = 175 N. Then R_left = 500 − 175 = 325 N. (Recalculate — let me redo: sum of forces upward = 300+200=500N. Moments about left end: 300×1 + 200×2 = R_right × 4 → 700 = 4R_right → R_right = 175N. R_left = 500−175 = 325N.,4PH1/P2
Physics,Forces,foundation,A 60 kg person stands on a scale in a lift that accelerates upward at 2 m/s². What is the reading on the scale? (g = 10 m/s²),720 N,Weight = 60 × 10 = 600 N. Net force upward = ma = 60 × 2 = 120 N. Normal force = weight + net force = 600 + 120 = 720 N. The scale reads the normal force.,4PH1/P2
Physics,Forces,foundation,A block of mass 5 kg rests on a surface. The area in contact is 0.02 m². Calculate the pressure exerted on the surface. (g = 10 m/s²),2500 Pa,Weight = mg = 5 × 10 = 50 N. Pressure = force / area = 50 / 0.02 = 2500 Pa. 1 Pa = 1 N/m².,4PH1/P2
Physics,Forces,foundation,State Newton's First Law of Motion and give an example of it in everyday life.,An object remains at rest or moves at constant velocity unless acted on by a resultant force. Example: a book on a table stays still (gravity balanced by normal force = no resultant); a spacecraft far from any planet continues moving at constant velocity because there is no friction in space.,"Newton's 1st Law: no resultant force = no acceleration = constant velocity (which includes being stationary). This explains why passengers lurch forward when a car brakes suddenly — their bodies ""want"" to keep moving.",4PH1/P2
Physics,Forces,foundation,State Newton's Second Law of Motion and write the formula it gives.,The resultant force on an object is directly proportional to its acceleration and inversely proportional to its mass. Formula: F = ma (Force = mass × acceleration).,"F = ma is the most important equation in mechanics. F is the net (resultant) force in N, m is mass in kg, a is acceleration in m/s². A larger force on the same mass → larger acceleration.",4PH1/P2
Physics,Forces,higher,"Explain why a sharp knife cuts more easily than a blunt knife, using the concept of pressure.",A sharp knife has a much smaller contact area at its edge. Applying the same force: P = F/A. Smaller area → greater pressure on the object being cut. The high pressure cuts through the material more easily.,"Pressure = force / area. For the same applied force, reducing the contact area increases pressure. This is also why a drawing pin has a sharp point and a wide head — large force on small area at the point, small force on large area on the thumb.",4PH1/P2
Physics,Forces,higher,Calculate the moment of a 25 N force applied perpendicular to a wrench handle at 0.4 m from the pivot. State the unit.,10 N m,"Moment = force × perpendicular distance from pivot = 25 × 0.4 = 10 N m. The principle of moments: for equilibrium, total clockwise moment = total anticlockwise moment.",4PH1/P2
Physics,Magnetism,extended,"Describe how an AC generator produces electricity, referring to electromagnetic induction.","A coil of wire rotates between the poles of a magnet. As the coil rotates, it cuts through magnetic field lines, and by Faraday's law of electromagnetic induction, an EMF is induced in the coil. The direction of the EMF reverses every half turn (as the sides of the coil swap which pole they are moving past), producing alternating current. Slip rings maintain continuous contact between the rotating coil and the external circuit.",EMF is induced when a conductor moves through a magnetic field (or when the field changes). The magnitude depends on the rate of cutting field lines. Slip rings (not split-ring commutator) are used in AC generators to maintain the alternating nature of the current.,4PH1/P7
Physics,Magnetism,foundation,Describe the shape and direction of the magnetic field around a bar magnet.,The magnetic field lines go from the north pole to the south pole outside the magnet (and from south to north inside). The field is strongest at the poles (lines closest together) and weakest in the middle. Field lines never cross.,Magnetic field lines show the direction a north pole would move. They are drawn from N to S outside the magnet. Closer lines = stronger field. Field lines form closed loops.,4PH1/P7
Physics,Magnetism,foundation,Explain why the National Grid transmits electricity at high voltage and low current.,Power lost in cables = I²R. A lower current means much less power is wasted as heat in the cables (since power loss depends on current squared). High voltage is used to achieve the same power transmission (P = IV) with a lower current.,P_loss = I²R. For the same power transmitted: higher V → lower I → much lower I²R losses. Step-up transformers increase voltage at the power station; step-down transformers reduce it to safe levels for homes.,4PH1/P7
Physics,Magnetism,foundation,State TWO ways to increase the strength of an electromagnet.,Increase the current flowing through the coil; increase the number of turns of wire in the coil; add a soft iron core.,"Electromagnets: current through wire creates a magnetic field. The field is stronger with: more current, more turns, or a ferromagnetic core (e.g. iron). Permanent magnets cannot have their strength easily adjusted.",4PH1/P7
Physics,Magnetism,higher,A transformer has 200 turns in the primary coil and 1000 turns in the secondary coil. The primary voltage is 12 V. Calculate the secondary voltage.,60 V,Vs/Vp = Ns/Np → Vs = Vp × (Ns/Np) = 12 × (1000/200) = 12 × 5 = 60 V. This is a step-up transformer (secondary voltage > primary voltage).,4PH1/P7
Physics,Magnetism,higher,Explain how a simple DC electric motor works.,"A current-carrying coil is placed in a magnetic field. The magnetic force (motor effect) acts on the coil sides — one side is pushed up and the other down (Fleming's left-hand rule). This creates a turning force (torque). A split-ring commutator reverses the current direction every half turn, ensuring the coil always rotates in the same direction.","F = BIL (force on a current in a magnetic field). Split-ring commutator = key to continuous rotation in a DC motor. Without it, the coil would oscillate back and forth, not rotate continuously.",4PH1/P7
Physics,Motion,extended,A car travels at 20 m/s when the driver sees an obstacle 80 m ahead. The reaction time is 0.5 s and the braking deceleration is 5 m/s². Does the car stop before hitting the obstacle? Show your working.,Thinking distance = 20 × 0.5 = 10 m. Braking: v²=u²+2as → 0=400+2(−5)s → s=40 m. Total = 50 m. Car stops 30 m before obstacle — no collision.,"Total stopping distance = thinking distance + braking distance. Thinking: d = v×t = 20×0.5 = 10 m. Braking: using v²=u²+2as with v=0, u=20, a=−5: s=40 m. Total = 50 m < 80 m. Safe.",4PH1/P1
Physics,Motion,foundation,"Define the term ""velocity"" and explain how it differs from speed.",Velocity is the speed of an object in a specified direction. Speed is a scalar quantity (magnitude only); velocity is a vector quantity (magnitude and direction). An object moving in a circle at constant speed has changing velocity because its direction is constantly changing.,Speed = distance/time (scalar). Velocity = displacement/time (vector). Exam questions often distinguish these. A car going around a roundabout at constant speed has changing velocity.,4PH1/P1
Physics,Motion,foundation,"On a velocity-time graph, what does the area under the line represent?",The distance travelled (displacement).,"Area under a velocity-time graph = distance travelled. This is because distance = average speed × time, and the area gives this product. If the line dips below the x-axis, the area represents displacement in the opposite direction.",4PH1/P1
Physics,Motion,foundation,A car accelerates from 10 m/s to 30 m/s in 5 seconds. Calculate the acceleration.,4 m/s²,Acceleration = (change in velocity) / time = (30 − 10) / 5 = 20 / 5 = 4 m/s². Remember to use SI units.,4PH1/P1
Physics,Motion,foundation,Describe the motion of an object shown by a horizontal line on a distance-time graph.,The object is stationary (not moving). The distance from the starting point is not changing.,"On a distance-time graph: gradient = speed. A horizontal line has zero gradient, meaning zero speed. The object is at rest.",4PH1/P1
Physics,Motion,higher,"A ball is thrown vertically upward at 15 m/s. Taking g = 10 m/s², find the maximum height reached.",11.25 m,"At max height, v = 0. Using v² = u² + 2as: 0 = 225 + 2(−10)s → 20s = 225 → s = 11.25 m. (Taking upward as positive, a = −10 m/s²)",4PH1/P1
Physics,Motion,higher,A cyclist starts from rest and accelerates at 2 m/s² for 8 seconds. Calculate the distance travelled during this time using an equation of motion.,64 m,"s = ut + ½at² = 0(8) + ½(2)(8²) = 0 + ½ × 2 × 64 = 64 m. (u=0, a=2, t=8)",4PH1/P1
Physics,Radioactivity,extended,Evaluate the risks and benefits of using gamma radiation to treat cancer (radiotherapy).,"Benefits: gamma radiation can kill cancer cells by ionising DNA, preventing cell division. External beam radiotherapy can target the tumour, reducing tumour size without surgery. Systemic cancers (e.g. thyroid cancer) can be treated with radioactive iodine. Risks: gamma radiation also damages healthy cells along the beam path, causing side effects (fatigue, nausea, hair loss, tissue damage). Multiple beams from different angles concentrate dose on the tumour to reduce healthy tissue damage. Risk of inducing secondary cancers in the long term.",Exam boards expect a balanced evaluation: both benefits and risks must be discussed. The key is that the benefit (treating cancer) must outweigh the risks. The focused multi-beam approach reduces collateral damage.,4PH1/P8
Physics,Radioactivity,foundation,"State the properties of alpha (α) radiation: what it consists of, its charge, its penetrating ability, and what stops it.",Alpha radiation consists of 2 protons and 2 neutrons (a helium-4 nucleus). Charge: +2. Least penetrating — stopped by a few centimetres of air or a thin sheet of paper. Highly ionising.,"Alpha: heavy, doubly charged → strongly ionising but poor penetrating power. Beta: fast electron → medium ionising, stopped by a few mm of aluminium. Gamma: high-energy EM wave → least ionising, stopped by thick lead/concrete.",4PH1/P8
Physics,Radioactivity,foundation,"What is meant by the term ""half-life"" of a radioactive isotope?","The half-life is the time taken for the number of undecayed nuclei (or the activity) of a radioactive sample to fall to half its original value. It is constant for a given isotope and unaffected by temperature, pressure or chemical state.",Half-life is a statistical measure — we can't predict when any individual nucleus will decay. After 1 half-life: 50% remains. After 2: 25%. After 3: 12.5%. The decay is random and spontaneous.,4PH1/P8
Physics,Radioactivity,higher,"Explain why radioactive decay is described as ""random and spontaneous"".","Random: it is impossible to predict when any particular nucleus will decay — each nucleus has the same probability of decaying per unit time regardless of its history. Spontaneous: decay happens on its own without any external trigger; it is not affected by temperature, pressure, chemical state, or any other external factor.","Radioactive decay cannot be controlled or predicted for individual atoms. We can only predict statistically — half-life tells us that half of a large number of atoms will decay in that time, but we cannot say which ones.",4PH1/P8
Physics,Radioactivity,higher,"Write the nuclear equation for the alpha decay of Radium-226 (Ra-226, atomic number 88).",²²⁶₈₈Ra → ²²²₈₆Rn + ⁴₂He,"In alpha decay: mass number decreases by 4, atomic number decreases by 2. Radium-226 (A=226, Z=88) emits alpha (A=4, Z=2) → Radon-222 (A=222, Z=86). Mass and charge are conserved.",4PH1/P8
Physics,Radioactivity,higher,A radioactive sample has a half-life of 6 hours. The initial activity is 800 Bq. What is the activity after 24 hours?,50 Bq,24 hours = 24/6 = 4 half-lives. Activity after 4 half-lives = 800 × (1/2)⁴ = 800 × 1/16 = 50 Bq.,4PH1/P8
Physics,Thermal Physics,foundation,Calculate the energy required to heat 2 kg of water from 20°C to 100°C. (Specific heat capacity of water = 4200 J/kg°C),"672,000 J (672 kJ)","Q = mcΔT = 2 × 4200 × (100−20) = 2 × 4200 × 80 = 672,000 J.",4PH1/P4
Physics,Thermal Physics,foundation,Explain how conduction transfers heat through a metal rod.,"When one end of a metal rod is heated, the particles at that end gain kinetic energy and vibrate faster. These vibrations are passed on to neighbouring particles through collisions, transferring energy along the rod. In metals, free electrons also carry energy quickly along the rod, making them good conductors.",Two mechanisms in metals: (1) particle vibration (in all solids); (2) free electron transfer (metals only — hence why metals are much better conductors than non-metals). Liquids and gases conduct poorly.,4PH1/P4
Physics,Thermal Physics,foundation,Explain why a radiator painted matt black is a better emitter of infrared radiation than one painted white and shiny.,Matt black surfaces are better emitters (and absorbers) of infrared radiation than shiny white surfaces. A matt black radiator transfers more energy by radiation into the room. Shiny white surfaces reflect radiation and emit poorly.,"Dark/rough surfaces: good absorbers and good emitters of radiation. Light/shiny surfaces: poor absorbers (good reflectors) and poor emitters. This is why solar panels are dark, and why houses in hot climates are painted white.",4PH1/P4
Physics,Thermal Physics,higher,"Explain what happens to the temperature of a substance as it melts, and use the idea of latent heat to explain why.","During melting, the temperature does not change (remains constant at the melting point) even though energy is still being supplied. The energy input (latent heat of fusion) is used to break the intermolecular bonds holding the solid structure together, not to increase the kinetic energy of particles. Temperature only rises once all the solid has melted.","Latent heat is the energy for state change at constant temperature. ""Latent"" means hidden — it does not register on a thermometer. Specific latent heat of fusion (L_f) = energy per kg to melt the substance.",4PH1/P4
Physics,Thermal Physics,higher,"Explain why a thermos flask minimises heat transfer. Refer to conduction, convection and radiation.","Double-walled glass with vacuum between walls: vacuum prevents conduction and convection (no particles to transfer energy). Silvered inner surfaces reflect infrared radiation, reducing radiative transfer. Stopper reduces convection from the top. Combination greatly reduces all three methods of heat transfer.","All three methods addressed: vacuum = no conduction/convection; silver coating = reduces radiation (reflective, low emissivity); stopper = reduces convection at top. Exam marks often require all three to be mentioned.",4PH1/P4
Physics,Waves,foundation,"State TWO differences between transverse and longitudinal waves, giving one example of each.",Transverse: vibrations perpendicular to wave direction; can travel through vacuum; e.g. light/electromagnetic waves. Longitudinal: vibrations parallel to wave direction; cannot travel through vacuum; e.g. sound waves.,Transverse = vibrations at right angles (up-down) to direction of travel. Longitudinal = vibrations along (compression/rarefaction) the direction of travel. Sound cannot travel through a vacuum — demonstrated by the bell-in-vacuum experiment.,4PH1/P5
Physics,Waves,foundation,A ray of light hits a plane mirror at 35° to the mirror surface. What is the angle of reflection?,55°,"Angles in optics are measured from the normal (perpendicular to the mirror surface). Angle of incidence from normal = 90° − 35° = 55°. By the law of reflection, angle of reflection = angle of incidence = 55°.",4PH1/P5
Physics,Waves,foundation,A sound wave has frequency 440 Hz and travels at 340 m/s. Calculate its wavelength.,0.773 m (approximately 0.77 m),v = fλ → λ = v/f = 340/440 = 0.773 m. Sound waves in air travel at ~340 m/s. Higher frequency → shorter wavelength.,4PH1/P5
Physics,Waves,foundation,A wave has a period of 0.025 seconds. Calculate its frequency.,40 Hz,Frequency = 1 / period = 1 / 0.025 = 40 Hz. Frequency and period are reciprocals of each other. Period is the time for one complete wave cycle.,4PH1/P5
Physics,Waves,higher,"State the order of the electromagnetic spectrum from lowest to highest frequency, and give ONE use for each type.","Radio waves (broadcasting), microwaves (cooking/satellite communication), infrared (remote controls/thermal imaging), visible light (seeing/photography), ultraviolet (sterilisation/sunbeds), X-rays (medical imaging), gamma rays (cancer treatment/sterilisation).",All EM waves travel at 3×10⁸ m/s in a vacuum. Higher frequency = higher energy = shorter wavelength. Gamma has highest frequency/energy; radio has lowest. All are transverse waves.,4PH1/P5
Physics,Waves,higher,Explain total internal reflection and state the condition required for it to occur.,"When light travels from a denser medium to a less dense medium (e.g. glass to air), it bends away from the normal. If the angle of incidence exceeds the critical angle, all light is reflected back into the denser medium — this is total internal reflection. Condition: light must be travelling from more dense to less dense medium AND angle of incidence must exceed the critical angle.","TIR is used in: optical fibres (telecommunications, endoscopes), diamond cutting, periscopes with glass prisms. The critical angle for glass/air is ~42°. Snell's law can be used to find critical angle: sin c = 1/n.",4PH1/P5